name,description,gameplay_video_link,time_to_read,author_slug,tags,genres,download_links,thumbnail_file
Убийство Ежа Соника (The Murder of Sonic the Hedgehog),,,,,,,,
Флоренс(Florence),,,,,,,,
Ласточкин Хвост,,,,,,,,
Моя Сводная Сестра Футанари (My Stepsis is a Futanari),,,,,,,,
Молчаливое Обращение (Silent Treatment),,,,,,,,
Затворничество (r e c l u s i o n),,,,,,,,
Кошкодевочки из Моего Сладкого Сна (Catgirls From My Sweet Dream),,,,,,,,
Сакура Суккуб (Sakura Succubus),,,,,,,,
Сакура Геймер 2 (Sakura Gamer 2),,,,,,,,
Сакура Садистка (Sakura Sadist),,,,,,,,
Сакура ММО 3 (Sakura MMO 3),,,,,,,,
Ваша мечта встречаться с миленькой зайкой наконец воплотилась в жизнь? (Has Your Dream Of Dating A Cute Bunny Girl Finally Come True?),,,,,,,,
Симулятор Девушки (Girlfriend Simulator),,,,,,,,
1997,,,,,,,,
Shadow,,,,,,,,
Здесь становится так одиноко (It gets so lonely here),,,,,,,,
Гранатовый браслет (Гранатовый браслет А.И.Куприн),,,,,,,,
Администраторы (Administratory),,,,,,,,
q.u.q.,,,,,,,,
Динопанк: Добро Пожаловать в Синт-Сити Пролог (Dynopunk: Welcome to Synth-City Prologue),,,,,,,,
Morenatsu.,,,,,,,,
Мамочка на обучении (Mother's Conditioning / Mu Niang Tiaojiao / 母娘調教),,,,,,,,
Белая Симуляция (White Simulation),,,,,,,,
Притча о Пылинке (The Mote Parable),,,,,,,,
Брешь: Реквием по моей родине (Fallstreak: Requiem for my Homeland),,,,,,,,
Smash Ask: Forever Whenever,,,,,,,,
Совершить преступление (To commit a crime),,,,,,,,
Мудрость (Wisdom),,,,,,,,
Забвение,,,,,,,,
Дом Эклер (Eclair's House),,,,,,,,
На одну ночь,,,,,,,,
Лик Иова,,,,,,,,
Вампирша(?)-детектив и дело о Лгунье-горничной (The Vampire(?) Detective and the Case of the Lying Maid),,,,,,,,
У Сани не было врагов (Alex Had No Enemies),,,,,,,,
The Princess of the Tower Wants a Hero,,,,,,,,
The Demon Lord is Mine!,,,,,,,,
Нетипичный день Хикки,,,,,,,,
Мёртв для меня (Dead to me),,,,,,,,
Симбиант (The Symbiant),,,,,,,,
Брешь: Реквием по моей Родине (Fallstreak: Requiem for my Homeland),,,,,,,,
Кровавый Зов (Bloody Call),,,,,,,,
Селена ~Апоптоз~ (Selene ~Apoptosis~),,,,,,,,
Надвое,,,,,,,,
The Coffin of Andy and Leyley,,,,,,,,
Ленивая Цзянши (Lazy Jiangshi),,,,,,,,
Ласточки: Весна в Бишкеке,,,,,,,,
G.L.A.Z.A,,,,,,,,
Эффект Бабочки (Butterfly Effect),,,,,,,,
BadTrip,,,,,,,,
Cross X Love,,,,,,,,
Подумайте о Своём Будущем (TATYF- Think About The Your Future),,,,,,,,
Алиса (Alice),,,,,,,,
"Любовь, Выпивка, Паника, Лирика (Love, Booze, Panic, Lyric)",,,,,,,,
Любовь - это убийство (Love is murder),,,,,,,,
Еда или Напиток? (Drink or Food?),,,,,,,,
Семь школьных тайн (がっこうの七不思議),,,,,,,,
Locke(d),,,,,,,,
Золушка и Сердце Принца (Cinderella and the Prince's Heart),,,,,,,,
Grisaia: Phantom Trigger Vol. 3,,,,,,,,
Пришелец (Alien),,,,,,,,
Gyakuten Hakaba,,,,,,,,
Той Осенью (That Autumn),,,,,,,,
Прощание на Дере,,,,,,,,
ЧЁ?! (CHO?!),,,,,,,,
Только друзья: Специальный Агент Векслер (OnlyFriends Stroies: Special agent Wexler),,,,,,,,
Проклятый повелитель 2 (Cursed Overlord 2),,,,,,,,
Сияние Океана (Ocean Shine),,,,,,,,
Последний снимок (The Last Shot),,,,,,,,
Шоколадная клетка,,,,,,,,
Всё Прах и Иллюзии (All Ashes and Illusions),,,,,,,,
Любовная Фантазия: Новелла о Выживании - Эпизод 1 (Love Fantasy: Survival Novel - Episode 1),,,,,,,,
И вновь сердце любит (My Heart Grows Fonder),,,,,,,,
Загадки от Полины,,,,,,,,
Убегая Прочь (Hauling Away),,,,,,,,
Тень над Западнобайкальском (Shadow over Zapadnobaikalsk),,,,,,,,
Shihori Escape fan game,,,,,,,,
ИИ: Материалы Сомния - Инициатива Нирваны (AI: The Somnium Files - Nirvana Initiative / AI: ソムニウムファイル ニルヴァーナイニシアチブ),,,,,,,,
Recycle,,,,,,,,
Только Друзья - День 2 (OnlyFriends - Day 2),,,,,,,,
Петля Времени (Rescuing You in the Infinite Loop / Zai Wuxian Chongsheng Zhong Shouhu Nai / 在無限重生中守護妳),,,,,,,,
Детективная История (Detective Story),,,,,,,,
Мечты сбываются (Dreams come true),,,,,,,,
Lustful Ponies,,,,,,,,
Дождь и двое (あめとふたりと),,,,,,,,
Свидание с Грешным Светом: Mikan Blossom (Tsumi no Hikari Rendezvous: Mikan Blossom / 罪ノ光ランデヴー みかんブロッサム),,,,,,,,
(Не) открывай глаза ((Don't) Open Your Eyes),,,,,,,,
Моя девушка не знает о моих наклонностях (My GF doesn't know what I'm into),,,,,,,,
Санта Близко: AI - визуальная новелла (Santa Close: AI - visual novel),,,,,,,,
Рождённый Заново (My Newborn Life In A Harem / 重啟的NTR後宮生活),,,,,,,,
Охота на Ведьм (Witch Hunt),,,,,,,,
Свет Надежды (The Light of Hope),,,,,,,,
Корпоратив (Corporative),,,,,,,,
Пикник в Подворотне (Alleyway Picnic),,,,,,,,
За Хвостом (Jam Ver.) (Chasing The Tail (Jam Ver.)),,,,,,,,
Темпора: Время Назад! (Tempora: Back in Time!),,,,,,,,
Сакура Рыцарь (Sakura Knight),,,,,,,,
The Elevator Game with Catgirls,,,,,,,,
Соблазнение по Прихоти (きまぐれテンプテーション / Kimagure Temptation),,,,,,,,
Сладчайший Валентин (Sweetest Valentine),,,,,,,,
Удачи соблазнить ведьму-асексуалку (Good luck seducing an ACE witch),,,,,,,,
Цветы -Том Осени- (Flowers -Le Volume sur Automne- / 秋篇),,,,,,,,
Вечеринка Мертвецов: истерическая вечеринка в честь дня рождения сладкой Сачико (Corpse Party: Sweet Sachiko's Hysteric Birthday Bash),,,,,,,,
Цветы -Том Лета- (Flowers -Le volume sur ete- / 夏篇),,,,,,,,
One Hell of a Coffeeshop,,,,,,,,
Рубеж Тьмы (Line of Darkness),,,,,,,,
Цветы -Том Весны- (Flowers -Le Volume sur Printemps- / 春篇),,,,,,,,
Субботник на двоих,,,,,,,,
Моё перерождение во влюблённую социофобку (My rebirth into a social phobe in love),,,,,,,,
Дождливый Век (Rainy Century),,,,,,,,
Артерии истока (Soukoku no Arterial),,,,,,,,
Molytropia: Cloud in Shape of Hurt,,,,,,,,
Таинственная принцесса Красно-Синей Луны -финальная реинкарнация- (Tsubasa no Oka no Hime: A Red and Blue Moon -Finite Loop-),,,,,,,,
La Llorona,,,,,,,,
Из ран растут цветы (Flowers grow from wounds),,,,,,,,
Сестринский Гарем (Harem of Nurses / 醫院催眠後宮),,,,,,,,
Бабочкин суп 2 (Butterfly Soup 2),,,,,,,,
Атмосферные Условия (Atmos Conditions),,,,,,,,
Чат-комната 203 (Chatroom 203),,,,,,,,
Беседа (Conversation),,,,,,,,
Сёстры ~последний день лета~ (sisters ~Natsu no Saigo no Hi~),,,,,,,,
Счастливый День Святого Валентина (Happy Valentine's Day),,,,,,,,
Ebon-Fun-Light: Очень странный день,,,,,,,,
9-nine-:Episode 1 (9-nine- Kokonotsu Kokonoka Kokonoiro),,,,,,,,
Toradora! Portable,,,,,,,,
Trapped with Jester,,,,,,,,
Дилемма сновидений,,,,,,,,
Protea,,,,,,,,
NEKO-NIN exHeart (猫忍えくすはーと),,,,,,,,
Не может быть! (No way),,,,,,,,
Девушка в Зеркале (Girl in The Mirror),,,,,,,,
Лучшая игра (The best game),,,,,,,,
Взгляд (Eye),,,,,,,,
Подражатель (Copycat),,,,,,,,
Однажды вечером ты наткнёшься на сайт с городскими легендами,,,,,,,,
Существование (Existence),,,,,,,,
В этом доме нет мужчин,,,,,,,,
(No men in this house),,,,,,,,
Нулевая сдержанность ~Знойные летние каникулы~ (貞操観念ZERO ～ヤリマン家族とハメ狂い夏休み～ / Teisoukannen ZERO ~Yariman Kazoku to Hame Kurui Natsuyasumi~ / Zero Chastity: A Sultry Summer Holiday),,,,,,,,
Амнея28: две вечности,,,,,,,,
Horologium: Созвездие Часов (Horologium: Constellation Of Clocks),,,,,,,,
История Любви (A Love Story),,,,,,,,
"Любовь, Деньги, Рок-н-Ролл (Love, Money, Rock-n-Roll)",,,,,,,,
Оазис (Oasis),,,,,,,,
"Путь Отшельника, I часть (The Hermit's Way, Part I)",,,,,,,,
Тёмные секреты шоу-бизнеса (Dark Secrets of Showbiz / Yule Quan Yiyun - S Hao Fang Shijian / 娛樂圈疑雲-S號房事件),,,,,,,,
"UnderСhoice Глава 1,2",,,,,,,,
Слух о Куринуки-сан (Kurinuki-san no Uwasa),,,,,,,,
Потоп: Череда Разбивающихся Волн (Deluge: Threnody of Crashing Waves),,,,,,,,
Последний Секрет (The Last Secret),,,,,,,,
Моя Девушка — Гоблин! (My Life with Goblin Girl),,,,,,,,
Неудачники не плачут (Nakanai Makeinu),,,,,,,,
Хасихимэ старого книжного квартала (Koshotengai no Hashihime),,,,,,,,
Режим Бога (God Mode),,,,,,,,
Парни-Байкеры Без Любви (Loveless Biker Boys),,,,,,,,
Дно (Bottom),,,,,,,,
Просто разговоры (Just talking),,,,,,,,
Секрет между тобой и мной (きみとぼくとかくしごと / Kimi to Boku to Kakushigoto / A Secret Between You and Me),,,,,,,,
Бремя,,,,,,,,
Кэмп Бадди (Camp Buddy),,,,,,,,
Vanilla Study,,,,,,,,
Super Neptunia RPG,,,,,,,,
Hyperdevotion Noire: Goddess Black Heart (Neptunia),,,,,,,,
Тихий омут (Stillwater),,,,,,,,
Hyperdimension Neptunia Re;Birth3 V Generation,,,,,,,,
Megadimension Neptunia VII (Victory 2),,,,,,,,
Звёздные Цветы (Starry Flowers),,,,,,,,
Det finns bara jag och himlen,,,,,,,,
Тэмээн сүүл,,,,,,,,
"Что ж, эксперимент? (Well, Experement?)",,,,,,,,
Крони Хочет Есть (Kronii is Hungry),,,,,,,,
Death end re;Quest,,,,,,,,
Skullcat,,,,,,,,
Наш Последний Рейс (Our Last Flight),,,,,,,,
Кто украл мой соус?,,,,,,,,
Имитация души,,,,,,,,
Этот суккуб исцелит твое тело и... [Демо],,,,,,,,
Я влюбился в графоманку?!,,,,,,,,
Страдания Карла Аллена,,,,,,,,
Дневник Лулу (Lulu Diary) (Дневник Лулу),,,,,,,,
"Мам, я влюбился в косплеера!",,,,,,,,
"Люди ""G"" Медосмотр",,,,,,,,
Mary Skelter: Nightmares (Kangokutou Mary Skelter),,,,,,,,
Черная Роза: История Джулии,,,,,,,,
Loopers,,,,,,,,
Тризна,,,,,,,,
Not Involved (Not Involved),,,,,,,,
Проклятый повелитель (Cursed Overlord),,,,,,,,
ЛЖК: Я тебя ненавижу,,,,,,,,
Неперерожденная злодейка еще не знает своей судьбы (転生してない悪役令嬢はまだ運命を知らない),,,,,,,,
Umineko no naku koro ni Symphony of Catbox and Dreams (うみねこのなく頃に咲 ～猫箱と夢想の交響曲～),,,,,,,,
Сознательное Искажение (Deliberate Distortion),,,,,,,,
Мир безумия: Кадавр (Мир безумия: Кадавр),,,,,,,,
"Голос уральского интроверта: Бессонница Глава 1,2 (The Voice of the Ural Introvert: Insomnia Chapter 1,2)",,,,,,,,
Гензель и Гретель ТС (The Dark Side of Hansel and Gretel/ヘンゼルとグレーテル ダークサイド),,,,,,,,
Новая игрушка Говарда (Howard's new toy),,,,,,,,
Отражение (Reflection),,,,,,,,
Moon Chai Story: Сирин (Moon Chai Story),,,,,,,,
Девушки-Геймеры: Киберпанк 2069 (Gamer Girls: Cyberpunk 2069),,,,,,,,
Одно свидание со змеемальчиком (ОССЗ) (One date with a snake boy (ODWSB)),,,,,,,,
Сволочь и Борщ,,,,,,,,
#СТАТЬБЛОГЕРОМ (#INFLUENCED),,,,,,,,
Побочный мир 2,,,,,,,,
Белая кровь [Джем Сказителя],,,,,,,,
Ритуал,,,,,,,,
ef - the first tale. [MinoriTeam],,,,,,,,
Коллаж,,,,,,,,
Walk in the sun,,,,,,,,
Голова Буйвола (Голова Буйвола),,,,,,,,
оптимальные условия для жертвоприношения (optimal conditions for a sacrifice),,,,,,,,
Конец лета (The End of the Summer「最後の夏」),,,,,,,,
Почтальоны горизонта (Postmen of Horizon),,,,,,,,
ПИР: Книга Первая «Семейные узы» (FEAST: Book One «Family Ties»),,,,,,,,
MISSING,,,,,,,,
Дневник подснежника (The Snowdrop Diaries),,,,,,,,
Ленивая принцесса-монстр не хочет работать (Kaiju Princess),,,,,,,,
Untale: Король Ревинии (Untale: King of Revinia),,,,,,,,
Лагерь друзей: Скаутмастерский сезон (Camp Buddy: Scoutmaster Season),,,,,,,,
Gomenasai,,,,,,,,
За гранью анализа [ДЖЕМ СКАЗИТЕЛЯ] (Beyond analysis),,,,,,,,
Комнаты Снов (Dream Rooms),,,,,,,,
beМШ: Из бесконечности (Машинный перевод Ever 17 : The Out Of Infinity),,,,,,,,
Игра: Любой Ценой! (Game: At Any Cost),,,,,,,,
Тусклый спектр. Часть вторая книги серой магии. (Pale Spectrum - Part Two of the Book of Gray Magic),,,,,,,,
ef - the latter tale.,,,,,,,,
Послание голубой стали (Iron Blue Message),,,,,,,,
Греховный лагерь (A Sinful Camp / 罪惡集中營),,,,,,,,
[СказительДжем] Богоизбранные Тараканы,,,,,,,,
Блуждающий во тьме (Wandering in the dark),,,,,,,,
UnderPsychos Глава 1: Диссоциативная фуга,,,,,,,,
Истина в вине (In vino veritas),,,,,,,,
дневник момо (momosdiary),,,,,,,,
Flourish,,,,,,,,
Сальте (Salthe),,,,,,,,
HOUSE HUNTED,,,,,,,,
Гараж: Вампир (garage:VAMP),,,,,,,,
Личностный тест Ниджисанджи (Nijisanji no Type Shindan / にじさんじのタイプ診断),,,,,,,,
Принцесса Ночного Кошмара (Princess Nightmare / プリンセスナイトメア),,,,,,,,
ForestGreen,,,,,,,,
Покорение эльфов (Elven Conquest),,,,,,,,
Моя Яндере Футанари (My Yandere is a Futanari),,,,,,,,
Salome's Kiss,,,,,,,,
Сладкий кексик (Sweet F. Cake),,,,,,,,
Flowerfell,,,,,,,,
Женская тюрьма (Women's Prison / 我在女子監獄開後宮),,,,,,,,
Сакура ММО 2 (Sakura MMO 2),,,,,,,,
Долгожитель (Сentenarian),,,,,,,,
"Я уверен, это все моя вина (きっとぜんぶ私のせい)",,,,,,,,
Футанари Амазонки (Futanari of the Amazon),,,,,,,,
Светоч,,,,,,,,
Продолжай спать (Keep sleeping),,,,,,,,
Кто-то украл МОЙ ОБЕД! (Someone Stole MY LUNCH!),,,,,,,,
"Koisuru Otome to Shugo no Tate - The Code Name is ""Shield 9"" (Влюбленная Дева и ее Защитник - Кодовое Имя ""Щит 9"")",,,,,,,,
Thorns. Police never sleeps.,,,,,,,,
Powdergray (パウダーグレイ),,,,,,,,
Хрям! (Crunch!),,,,,,,,
Grisaia: Phantom Trigger Vol. 2,,,,,,,,
Athanasy (Athanasy),,,,,,,,
Мега Казанова 3 / Казанова: Ангелы Секса (Mega Casanova 3 / Casanova Sex Angels),,,,,,,,
Сад Астры (Astra's Garden),,,,,,,,
"Моя девушка, преследуемая убийцей (Ore no Kanojo Satsujinki ni Owarete Imasu)",,,,,,,,
Теория Похоти - Сезон 1/ Lust Theory - Season 1 (Lust Theory - Season 1),,,,,,,,
Моя мачеха Футанари 3 (My Stepmom is a Futanari 3),,,,,,,,
Арена Хереса 2 | Jerez's Arena Ⅱ (Jerez's Arena Ⅱ),,,,,,,,
Королевство Удовольствия (Pleasure Kingdom),,,,,,,,
Гравити фолз: Незабываемый отпуск (Swooning Over Stans: A Grunkle Dating Sim),,,,,,,,
"Свет мой, зеркальце (Свет мой, зеркальце)",,,,,,,,
Ласковый дождь (Soft Rains),,,,,,,,
Моя мачеха Футанари 2 (My Stepmom is a Futanari 2),,,,,,,,
Путь домой: пролог,,,,,,,,
Берег,,,,,,,,
СуперЗвёздный Контракт (SuperStar Contract),,,,,,,,
All The Words She Wrote,,,,,,,,
Игра: яндере х обычный (Yandere-teki x Nichijou Gokko),,,,,,,,
Поздняя птица (Late Bird),,,,,,,,
Наследие предков (The Ancestral Legacy),,,,,,,,
Королева в заключении (Imprisoned Queen),,,,,,,,
Ghost Delivery,,,,,,,,
Blooming Panic,,,,,,,,
Реквием Темного Лорда (2022) (Requiem of the Dark Lord),,,,,,,,
Запикапить Стэнов: Симулятор Свиданий по Гравити Фолз (Swooning Over Stans: A Grunkle Dating Sim),,,,,,,,
Твои усталые глаза (1 и 2 действия),,,,,,,,
Мистический форум и 7 слухов (Mysterious Forum And 7 Rumors),,,,,,,,
Допрос Лукаса (Lucas Interrogation),,,,,,,,
Пресс-Конференция (Press Conference),,,,,,,,
Bring Me that Shawarma,,,,,,,,
Джон Доу + (JOHN DOE +),,,,,,,,
Избранные (Chosen),,,,,,,,
REFLEXIA Prototype ver.,,,,,,,,
"Повесть о лунной принцессе/Тсукихиме (Tsukihime Rebuild ru ""Демо"")",,,,,,,,
"Я люблю вас, Полковник Сандерс! Очень вкусный симулятор свиданий (I Love You, Colonel Sanders! A Finger Lickin’ Good Dating Simulator)",,,,,,,,
"Каждый день невероятнее, чем предыдущий (Every day is more incredible than the previous)",,,,,,,,
Night Cascades,,,,,,,,
7 Дней до Конца с Тобой (7 Days to End with You),,,,,,,,
Паника (Panic),,,,,,,,
Скрытая Шахта (Mine Hidden),,,,,,,,
МАФИЯ: Семейный Секрет (MAFIA: Family’s Secret),,,,,,,,
Пыль и свет (Dust and light),,,,,,,,
Казаки: Война с нечистью (Козаки: Війна з нечистю),,,,,,,,
В плену у ведьмы (The Witch's Sexual Prison / 魔女的性愛囚禁),,,,,,,,
Джон Доу (JOHN DOE),,,,,,,,
Закон Мёрфи (Merphi's Law),,,,,,,,
Как казаки Киев любили (Як козаки Київ любили),,,,,,,,
Paradise Delight,,,,,,,,
Heads Will Roll,,,,,,,,
Моя мачеха Футанари (My Stepmom is a Futanari),,,,,,,,
Киарис,,,,,,,,
H-Isekai Loves,,,,,,,,
Вечеринка Мертвецов (2021) (Corpse Party (2021)),,,,,,,,
Во имя любви (In the name of love),,,,,,,,
Данганронпа 2: Прощай Отчаяние PSP (Danganronpa 2: Goodbye Despair PSP),,,,,,,,
Некопара - Рай Котомальчиков - (Nekopara - Catboys Paradise - / - ネコぱら- catboys paradise -),,,,,,,,
Романы о Существах: Кокоро Коконоэ (Creature Romances: Kokonoe Kokoro / ここのえこころ),,,,,,,,
"Кафе ""ЭДДА"" (EDDA Cafe)",,,,,,,,
Вечное Лето (End End Summer),,,,,,,,
Рай среди горячих песков (Nessa no Rakuen),,,,,,,,
Взаперти 1.2 (Locked Up 1.2),,,,,,,,
О чём грустят подсолнухи?,,,,,,,,
Нектар,,,,,,,,
Преемник,,,,,,,,
Наследство,,,,,,,,
Деметриос - БОЛЬШОЕ Циничное Приключение (Demetrios – The BIG Cynical Adventure),,,,,,,,
Возбуждённый Секай (Horny Sekai),,,,,,,,
Сакура Геймер (Sakura Gamer),,,,,,,,
Как обмануть короля-лжеца (嘘つきな王様の騙し方 / How to Fool a Liar King),,,,,,,,
Полина против сталкера,,,,,,,,
Просто влюбленность (Just a Crush),,,,,,,,
Фанаты Харуко (ハルコマニアックス),,,,,,,,
Вамплиар (Vampliar),,,,,,,,
Дело о Сериализованном Убийце (The Case of the Serialized Killer),,,,,,,,
План Судьбы (Destiny’s Plan),,,,,,,,
Paprika Trainer,,,,,,,,
Руки Прочь Глава 1 (Hands Off Chapter 1),,,,,,,,
Asobi,,,,,,,,
"Последнее ""Спокойной ночи"" (Last good night)",,,,,,,,
Жизнь с Лисой-демоном (Living together with Fox Demon / 與狐妖的同居生活),,,,,,,,
Непредсказуемая ПЕРЕКОВКА Мерфи Предсказуемо Поражает Вас (Murphy's Unpredictable REFORGE Predictably Hits You),,,,,,,,
Университет Пакостей и Гадостей (University of Dirty Tricks and Nasty Things),,,,,,,,
404 ШИНИГАМИ (404 SHINIGAMI),,,,,,,,
Лабиринт I (Maze I),,,,,,,,
Нацуки. Жизнь в Заточении (Natsuki's Life In Prison / 夏树的监禁生活),,,,,,,,
Детский Сад для Робота (Robot Daycare),,,,,,,,
Amnesia Later,,,,,,,,
Amelie,,,,,,,,
Звёздный Канал 34 (Star Channel 34),,,,,,,,
Выбор любви (LoveChoice / Jian Ai / 拣爱),,,,,,,,
Пирог в небе (Pie In The Sky),,,,,,,,
Моя маленькая служанка (Little My Maid/ リトルＭｙメイド),,,,,,,,
My Crush My Bully,,,,,,,,
Кровь звезды,,,,,,,,
Путь в никуда,,,,,,,,
Отчаянное Свидание (Desparate Date),,,,,,,,
Динозавры в ночи (Dino Nite),,,,,,,,
Маскарад Вампиров: Колючие Земли (Vampire The Masquerade: Barbedlands),,,,,,,,
Закон и Мёрфи (Murphy and the Law),,,,,,,,
Джекилл и Хайд (MazM: Jekyll and Hyde / MazM: 지킬 앤 하이드),,,,,,,,
Сакура Купидон (Sakura Cupid),,,,,,,,
Уроки любви (Lessons in love),,,,,,,,
Печка (MazM: Pechka / MazM: 페치카),,,,,,,,
Призрак Оперы (MazM: The Phantom of the Opera / MazM: Opera-ui Yulyeong / MazM: 오페라의 유령),,,,,,,,
Vampire: The Masquerade - Shadows of New York,,,,,,,,
Ставка на ненависть (The Wagering of Wrath),,,,,,,,
Сказание о любви Раскии (Romance of Raskya),,,,,,,,
Moe Era,,,,,,,,
Признание Джоске (Josuke's Confession),,,,,,,,
War of Roses,,,,,,,,
Из Осколков (From Shards),,,,,,,,
Fedortale Episode 3,,,,,,,,
The Soul Box,,,,,,,,
Долгая дорога FULL VERSION,,,,,,,,
Знакомство с Генсокё,,,,,,,,
Убийства в Будапеште! (Murders on Budapest),,,,,,,,
Цветы аниса (Anise Flowers),,,,,,,,
Off day,,,,,,,,
Мега Казанова 2 / Казанова-младший.: Секс Звезда (Mega Casanova 2 / Casanova Jr.: SexStar),,,,,,,,
Мега Казанова / Казанова-младший: Она и Она (Mega Casanova / Casanova Jr.: Girl on Girl),,,,,,,,
Silent Hill: (Re)Shattered Memories,,,,,,,,
CallCat,,,,,,,,
Сумма лжи (Sum of Lies),,,,,,,,
Проводник по ночному закоулку (夜の路地裏案内),,,,,,,,
Следуй за черным котиком (Follow the black kitten),,,,,,,,
Хентай Сакура (Hentai Sakura),,,,,,,,
Серость (Dull Grey),,,,,,,,
Graveyard Girls,,,,,,,,
Обречённая любовь (Doomed Love),,,,,,,,
trauma,,,,,,,,
Office Love Affair,,,,,,,,
Продозия (Prodosia),,,,,,,,
Дагон: автор Г. Ф. Лавкрафт (Dagon: by H. P. Lovecraft),,,,,,,,
Разлад (Discord),,,,,,,,
Лейтмотив (Keynote),,,,,,,,
Three kingdoms story: Conussia,,,,,,,,
Mint Hour.mp3,,,,,,,,
Romantic HOLIC!: Мир снов (Kkumkkunikka Romance-in Geojanh-a / 꿈꾸니까 로맨스인 거잖아 / Romantic Holic ~Dream Walker~),,,,,,,,
The Way Home,,,,,,,,
Не совсем герой (Not Exactly A Hero),,,,,,,,
Выбор Арго (Argo's Choice),,,,,,,,
Acadia University,,,,,,,,
Дневник детектива. Проклятье невесты. Эпизод 1,,,,,,,,
Офис Преисподней (Underworld Office),,,,,,,,
Дева Инферно,,,,,,,,
TAISHO x ALICE epilogue,,,,,,,,
Люблю x Прощай (スキ×サヨナラ),,,,,,,,
The Delusion of Dream,,,,,,,,
7 Дней: Происхождения (7Days Origins),,,,,,,,
Ar Tonelico: Melody of Elemia/Ar Tonelico ~Sekai no Owari de Utai Tsuzukeru Shoujo~,,,,,,,,
Одержимый (Одержимый),,,,,,,,
Песня Фарки (Song of Farca),,,,,,,,
Приключение Джестера (Jester Adventure),,,,,,,,
Yurikago (百合籠),,,,,,,,
Idol Manager,,,,,,,,
Jendo: Origins,,,,,,,,
Принцесса кошек апгрейд,,,,,,,,
Вероника,,,,,,,,
Алоэ (Aloe),,,,,,,,
Оттенки Сакуры (Shades of Sakura),,,,,,,,
Путь рыцаря,,,,,,,,
Закрытая комната,,,,,,,,
My Step Sisters,,,,,,,,
Серенити (Serenity),,,,,,,,
Underfell. Проблемная посылка (Underfell. Проблемная посылка),,,,,,,,
Дьяволица (Devil Girl),,,,,,,,
Маленькая ведьма Маржолен (The Witchling Marjolaine),,,,,,,,
The Purrfect Valentine,,,,,,,,
Сакура ММО (Sakura MMO),,,,,,,,
DECEPTIO,,,,,,,,
Песня Любви (Ai no Uta),,,,,,,,
Лесная сказка,,,,,,,,
Под прикрытием (Undercover),,,,,,,,
Затмение,,,,,,,,
Кассиопея (Kassiopeya),,,,,,,,
Парк,,,,,,,,
YANDEMIC: дейтсим на выживание (YANDEMIC: dating-based survival game),,,,,,,,
Когда закончится дождь (Когда закончится дождь),,,,,,,,
Романтишный клуб: Голливудская мечта,,,,,,,,
Ничего Нового,,,,,,,,
Отпусти и забудь,,,,,,,,
Бутафория чувств,,,,,,,,
Призрак в моей квартире (Ghost in my apartment),,,,,,,,
Тихий омут,,,,,,,,
Август (August),,,,,,,,
ЮРЭЙ,,,,,,,,
Ари и Золотая Река,,,,,,,,
Eye to eye ritual (Eye to eye ritual),,,,,,,,
Рубиновый цветок (Ruby Flower),,,,,,,,
Последнее свидание. Кабанье проклятье (PSKP),,,,,,,,
Тлеющая искорка (Fading Spark),,,,,,,,
Ночные воспоминания (Night memories),,,,,,,,
Свидание с совестью (A date with conscience),,,,,,,,
Дни в которые я встречался с подругой детства (Дни в которые я встречался с подругой детства),,,,,,,,
Сингулярность Сердец (Singularity of Hearts),,,,,,,,
Навстречу волнам (Into the Waves),,,,,,,,
Девиант (Deviant),,,,,,,,
Heartrace,,,,,,,,
Фея свиданий (Dating Pixy),,,,,,,,
Групповое свидание! (GROUP DATE),,,,,,,,
Свидание для сестрёнки (A date for my sis),,,,,,,,
Ничего личного,,,,,,,,
Подкат на миллион белорусских рублей и отжатые мобилы,,,,,,,,
Талисман удачи,,,,,,,,
Так хочется спать...,,,,,,,,
Вдохновитель (Вдохновитель),,,,,,,,
У Смирнова нет чувства юмора (У Смирнова нет чувства юмора),,,,,,,,
Цвет любви (The Color of Love),,,,,,,,
Стимдер(Steamder: Gears of Fate),,,,,,,,
Ukulele boy(Ukulele boy),,,,,,,,
Ночь перед боем,,,,,,,,
Асфодель (Asphodel),,,,,,,,
Открой глаза,,,,,,,,
Забытый цветок,,,,,,,,
Стеклянный взгляд,,,,,,,,
Письмо с вызовом (A letter of challenge),,,,,,,,
Ханако - Идеальная девушка! (Ханако - Идеальная девушка!),,,,,,,,
Волчок (Volchok),,,,,,,,
"Ты правда думаешь, что шаурменная − лучшее место для свидания?",,,,,,,,
Memory Pills (рабочее название),,,,,,,,
Чёрное солнышко,,,,,,,,
Серия уколов (Series of injections),,,,,,,,
"Не ходите, дети, по лесу гулять",,,,,,,,
Гусь и пати (Gus & Party),,,,,,,,
Формикация / Formication,,,,,,,,
Наизнанку(Inside out),,,,,,,,
Дикарь: история Бахадура (Wilder: Bahadur`s Story),,,,,,,,
Леонардо (Leonardo),,,,,,,,
Так что же дальше? (So what's next?),,,,,,,,
Мой Милый Комиссар (My Cute Commissar),,,,,,,,
Домик в деревне у реки - романтика (House in the village by the river - romance),,,,,,,,
Июльская революция (Shichigatsu Kakumei),,,,,,,,
Оживший (Revived),,,,,,,,
Ваша Честь (Your Honor),,,,,,,,
Coffee Talk,,,,,,,,
Хрусть (Hrust),,,,,,,,
Совершать Ошибки (Making Mistakes),,,,,,,,
Привязанный к номеру (Tied by Numbers),,,,,,,,
Бессонница (Бессонница),,,,,,,,
Doki Doki Literature Club Plus!,,,,,,,,
Крещение (Baptism),,,,,,,,
The Babysitter,,,,,,,,
Emily is Away,,,,,,,,
"Необыкновенное приключение (Adventure of a Lifetime / Sora to Umi ga, Fureau Kanata)",,,,,,,,
Когда плачут цикады / Higurashi No Kaku Koro Ni [07-th mod] (Higurashi no Naku Koro ni),,,,,,,,
Taisho x Alice Ep.3,,,,,,,,
Глубокое Озеро: Пролог (Deep Lake: Prologue),,,,,,,,
"H-Cup размеры своенравной преподавательницы -Глава о грудном фетише, пайзури- (H Cup Namaiki Katei Kyoushi ~Chichi Fetish Paizuri Hen~)",,,,,,,,
Мир первый (World 1),,,,,,,,
HIKEBACK,,,,,,,,
Errare Humanum Est,,,,,,,,
My Dear Prince,,,,,,,,
Смертельная петля (Death Loop),,,,,,,,
Роковая ошибка (Fatal Mistake),,,,,,,,
Play Dead! 2,,,,,,,,
Ранс 02: Мятежные девы,,,,,,,,
Incertum,,,,,,,,
Ведьмины уроки (Witches Lessons),,,,,,,,
Тень (Shadow),,,,,,,,
Семеро из Шинобазу. Глава 6: Таку Оя (Shinobazu Seven 06. Taku),,,,,,,,
Моя милая героиня! (Watashi no Yuusha-chan ga!),,,,,,,,
Смерть не ошибается (Death doesn't make mistakes),,,,,,,,
Ну не может моя сестрёнка быть такой милой (Ore no Imouto ga Konna ni Kawaii Wake ga Nai / 俺の妹がこんなに可愛いわけがない / My Little Sister Can't Be This Cute),,,,,,,,
"Юная Революционерка Утэна: Повесть о Будущей Революции (少女革命ウテナ いつか革命される物語 / Shoujo Kakumei Utena ~Itsuka Kakumeisareru Monogatari~ / Four Days in Ohtori, Revolutionary Girl Utena)",,,,,,,,
Play Dead!,,,,,,,,
Терапия с доктором Альбертом Крюгером (Therapy with Dr. Albert Krueger),,,,,,,,
Не по сценарию (Unscripted),,,,,,,,
"Danganronpa 2: Прощай, Академия Отчаяния (Danganronpa 2: Goodbye Despair / Super Dangan Ronpa 2: Sayonara Zetsubou Gakuen)",,,,,,,,
Appetite Amor,,,,,,,,
Дикарь: история Рана (Wilder: Ran`s Story),,,,,,,,
Another Lost Phone: Laura's Story,,,,,,,,
Куб Мнемозины (Mnemosyne`s Cube),,,,,,,,
Семеро из Шинобазу. Глава 5: Гэнки Тоносава (Shinobazu Seven 05. Genki),,,,,,,,
"Нет, я не Байрон",,,,,,,,
Young Hearts,,,,,,,,
Неоэроге (Квест по Бесконечному Лету) (Neoeroge),,,,,,,,
Touhou Project: The Legacy of Lunatic Omsk,,,,,,,,
"Тайна, скрытая в тумане (A Mystery Hidden in The Fog)",,,,,,,,
Триклиний (Triclinium),,,,,,,,
Сакура Приключения Лисички (Steam version) (Sakura Fox Adventure),,,,,,,,
ЖурналСвиданий: Симулятор Свиданий с Русскими Девушками (DateJournal: Russian Girls Dating Sim),,,,,,,,
Загадочная Неку Вайфу 4 (Mosaique Neko Waifus 4),,,,,,,,
Бледная кахексия (Pale Cachexia),,,,,,,,
Pizzaro Project Deep Dish,,,,,,,,
Моя Дорогая (MyDarling),,,,,,,,
Art&Waifu,,,,,,,,
День в городе Г,,,,,,,,
[Beta] STEINS;GATE: My Darling’s Embrace (Steins;Gate Hiyoku Renri no Darling),,,,,,,,
Nekopara Vol. 4,,,,,,,,
Свидетельство Трикси Глиммер Смит (The Testimony of Trixie Glimmer Smith),,,,,,,,
Когда плачут цикады. Эксклюзивные главы (Higurashi no Naku Koro ni. Console-exclusive Arcs),,,,,,,,
Umineko no naku koro ni Saku,,,,,,,,
My little angel,,,,,,,,
Leap of Love,,,,,,,,
I Love You!,,,,,,,,
Coming Out on Top,,,,,,,,
Sakuya Izayoi Gives You Advice And Dabs,,,,,,,,
Что я такое (Boku to Iu Mono),,,,,,,,
A Normal Lost Phone,,,,,,,,
Misclick,,,,,,,,
Error 03,,,,,,,,
Меланхолия Юмэми (ゆめみメランコリイ),,,,,,,,
Perfect Gold (Perfect Gold),,,,,,,,
Мушиная возня,,,,,,,,
Не Совсем Верно (Not Quite Right),,,,,,,,
Охота на Ведьм Глава 1 (Witch Hunt Chapter 1),,,,,,,,
Случается!? (ハプニング！？),,,,,,,,
НИИ К.О.Г.Д.А.,,,,,,,,
Лалка счастья (Koufuku no Lalka / Lalka of Happiness),,,,,,,,
История Деда Мороза (Father Frost Story),,,,,,,,
Пёстрые полотна Шагающего Города (Canvas Colors: In The Moving City),,,,,,,,
Пользователь Проекта! (PROJECT UsER!),,,,,,,,
Романтичный детектив 2 (Romance Detective 2),,,,,,,,
Идеальный Мир (Ideal World),,,,,,,,
Загадочная Неку Вайфу 3 (Mosaique Neko Waifus 3),,,,,,,,
Maid Mansion,,,,,,,,
Принцесса кошек РЕБУТ,,,,,,,,
Какой-то сальный день (KCD),,,,,,,,
Багаж (Luggage),,,,,,,,
Воссоединение Душ (Reunion of The Souls),,,,,,,,
Первая версия Бесконечного Лета (Слив) (Эроге с маскотами),,,,,,,,
Сезон Медуз (Jellyfish Season),,,,,,,,
Адастра (Adastra),,,,,,,,
Угольки магии (Embers of Magic),,,,,,,,
Однажды в ДримТауне[Глава 5 - Золотое Издание] (Once upon a time in DreamTown),,,,,,,,
Миша,,,,,,,,
Зимний дождь и весенняя радуга (冬の雨と春の虹),,,,,,,,
Спички,,,,,,,,
La Faille,,,,,,,,
Овощи,,,,,,,,
Переулок миров,,,,,,,,
Escape from the hospital,,,,,,,,
Lucy Got Problems,,,,,,,,
Конец актрисы (The End of an Actress),,,,,,,,
Семеро из Шинобазу. Бонус: Сегашира (Shinobazu Seven Gaiden),,,,,,,,
SnowNight,,,,,,,,
Тот День в Парке (That Day at The Park),,,,,,,,
Загадочная Неку Вайфу 2 (Mosaique Neko Waifus 2),,,,,,,,
Vremya,,,,,,,,
Свидетель обвинения (Witness for The Prosecution),,,,,,,,
Ай-Саган (Ai-Sagan),,,,,,,,
Цена ошибки (The Price of Mistake),,,,,,,,
Грешник! (Sinnerman!),,,,,,,,
Любовная История (Love Story),,,,,,,,
Sakura Sadist (Sakura Sadist),,,,,,,,
Demon Kiss,,,,,,,,
BARD HARDER!,,,,,,,,
Снежное оцепенение: Музыка зимы (Snow Daze: The Music of Winter),,,,,,,,
Мой Милый Фюрер (My Cute Fuhrer),,,,,,,,
Предназначенный судьбой (Unmei no hito),,,,,,,,
Милая Возлюбленная (Adorable Crush),,,,,,,,
Кровавый омут (Red Embrace),,,,,,,,
Сияющие тени. Часть первая книги серой магии (Brilliant Shadows - Part One of the Book of Gray Magic),,,,,,,,
Сладкое время (Sweet Time),,,,,,,,
Taisho x Alice Ep.2,,,,,,,,
Клуб Красных Струн (The Red Strings Club),,,,,,,,
Любитель Кошкодевочек 2 (CATGIRL LOVER 2),,,,,,,,
Спутница А (Follower A),,,,,,,,
Сквозь трещины (Through the Cracks),,,,,,,,
Невероятные Приключения ЖотаЖоса: В Поисках Коичи,,,,,,,,
Outgrow,,,,,,,,
ИИ: Материалы Сомния (AI: The Somnium Files / AI：ソムニウム ファイル),,,,,,,,
Приключения с Тревогой! (Adventures With Anxiety!),,,,,,,,
YiN,,,,,,,,
Могу я принять ваш заказ? (May I Take Your Order?),,,,,,,,
"Экстремальный побег: 9 часов, 9 человек, 9 дверей (Zero Escape: 9 Hours, 9 Persons, 9 Doors)",,,,,,,,
СПАМ (СПАМ [Визуальная новелла]),,,,,,,,
Булгария: Русальи проказы,,,,,,,,
Неоновая кровь (Neon Blood),,,,,,,,
00:17:03 (00:17:03),,,,,,,,
"Когда наступит конец света, подаришь мне свою улыбку?",,,,,,,,
GingerBread,,,,,,,,
Le Souvenir,,,,,,,,
Один день в моей жизни (One Day In My Life),,,,,,,,
Под серым небом (As The Sky Turns Grey),,,,,,,,
Пепельный снег (Пепельный снег),,,,,,,,
"Красотки, отстаньте, я хочу домой смотреть аниме и витуберов (Lewd Girls, Leave Me Alone! I Just Want to Play Video Games and Watch Anime!)",,,,,,,,
Кромка,,,,,,,,
Прощание (Valediction),,,,,,,,
Снежная Королева,,,,,,,,
Попутчик,,,,,,,,
Холодное Блюдо,,,,,,,,
Кто такие варвары?,,,,,,,,
Отмороженные (Frozen up),,,,,,,,
Тянущееся время,,,,,,,,
Праздник на коленке,,,,,,,,
Восхождение,,,,,,,,
Рассвет на Плутоне (Рассвет на Плутоне),,,,,,,,
Своё место,,,,,,,,
Моими глазами (With my own eyes),,,,,,,,
Славная девушка Юля,,,,,,,,
Примерзший,,,,,,,,
Бриллианты,,,,,,,,
оправдание,,,,,,,,
Цвет жизни - теплый,,,,,,,,
Холодный жестокий мир (СБРИСМС),,,,,,,,
Согревая дыханием её озябшие ладошки,,,,,,,,
До того как снег растает,,,,,,,,
Холод между нами,,,,,,,,
Бесконечная колбаса,,,,,,,,
Ледяной конфликт (Icy conflict),,,,,,,,
Таёжная Легенда,,,,,,,,
Спасение: Бегство от Истины,,,,,,,,
Долгий вечер пятницы (Долгий вечер пятницы),,,,,,,,
Мегалит,,,,,,,,
Тройная С (Triple S / x3S),,,,,,,,
Ляпис 21/1,,,,,,,,
Нарака (Naraka),,,,,,,,
Сушеница (Hahakogusa),,,,,,,,
Вишнёвый сад (The Cherry Orchard),,,,,,,,
Рандеву с жизнью: Реинкарнация Рио (DATE A LIVE: Rio Reincarnation),,,,,,,,
Наперекор Судьбе (Against Fate),,,,,,,,
Смотритель Маяка (Lighthouse Keeper),,,,,,,,
Паровая тюрьма [Финн] (Steam Prison - Fin Route),,,,,,,,
Meet Your Dream,,,,,,,,
Огоньки,,,,,,,,
Летние воспоминания о Белл (Summer Memory of Bell / Yi Xiazhiling),,,,,,,,
Нейроигра (Neurogame),,,,,,,,
Corona Blossom Vol.1: Подарок Галактики (Corona Blossom Vol.1: Gift From the Galaxy),,,,,,,,
Несчастливая звезда (Unlucky star),,,,,,,,
Бюро Находок (Lost & Found),,,,,,,,
Разговор с Незнакомцами (Talk to Strangers),,,,,,,,
ВСЁЧЕРНОЕ Фаза 1 (ALLBLACK Phase 1 / オール・ブラック),,,,,,,,
Мокрые Шаги (Wet Steps),,,,,,,,
Марко и галактический дракон [MinoriTeam] (Marco to Ginga Ryuu),,,,,,,,
Athanasy (вступительный эпизод),,,,,,,,
Больше никогда - Документальная кинетическая новелла (Nevermore - Documentary Kinetic Novel),,,,,,,,
SSF: Бегущий по времени (SSF: Time Runner),,,,,,,,
Заблудившийся в лесу (Lost in trees),,,,,,,,
ПСИХОТЕРАПЕВТ: Управитель разума (THERAPIST: Mind Manager),,,,,,,,
Легенда о принцессе луны (The Legend of Kaguya-hime/ Kaguya-hime Densetsu / かぐや姫伝説),,,,,,,,
Sono Taiju wa Makai o Kurau! (その大樹は魔界を喰らう！),,,,,,,,
Экономика на Краю Мира эпизод.03 (WORLD END ECONOMiCA episode.03),,,,,,,,
Побег в Москву,,,,,,,,
Эшлин и эльфийская таверна (Aisling and the Tavern of Elves),,,,,,,,
Беспокойные сердца Another Episode (Kimi ga Nozomu Eien Another Episode),,,,,,,,
Побочный Мир,,,,,,,,
Тёмные ночи (Dark Nights),,,,,,,,
С чистого листа (From scratch),,,,,,,,
Girls & sweets,,,,,,,,
"Чок-чок, зубы на крючок (Shut your teeth)",,,,,,,,
Blankspace,,,,,,,,
Sakura Sadist,,,,,,,,
Sakura Sweetheart,,,,,,,,
Steamy Sextet,,,,,,,,
Chicken Police,,,,,,,,
Valentines Otome,,,,,,,,
Разлом (Rift),,,,,,,,
Городок (Township),,,,,,,,
Школа (School Game [0.928v.]),,,,,,,,
Однажды в Горах (Once In The Mountains),,,,,,,,
"Будущее, которое мы заслужили (The future we deserve)",,,,,,,,
Shin Koihime † Musou -Kakumei- Souten no Hao (демо) (真・恋姫†夢想-革命- 蒼天の覇王),,,,,,,,
Зверский Обман (Beast Deception),,,,,,,,
AV,,,,,,,,
Бах Бах Бах (Bang Bang Bang),,,,,,,,
Морок (Morok),,,,,,,,
Weekend,,,,,,,,
Братик,,,,,,,,
Rescue Elves,,,,,,,,
Хочу заромансить побочного персонажа-злюку! (I Want to Pursue the Mean Side Character!),,,,,,,,
My 1/6 Lover: MIÐGARÐ Edition,,,,,,,,
Съешь это! (Eat it!),,,,,,,,
Постскриптум (Addendum),,,,,,,,
Хранительница библиотеки,,,,,,,,
Cartagra ~Tsuki kurui no Yamai~,,,,,,,,
Снежный шторм (Snowstorm),,,,,,,,
Ранчо в пустыне (Desert ranch),,,,,,,,
Синтия (Synthia),,,,,,,,
Калейдоскоп разума,,,,,,,,
Мой Секрет (My Secret),,,,,,,,
Clannad: Side Stories (Clannad - Hikari Mimamoru Sakamichi de),,,,,,,,
Go! Go! Nippon! (ver 2015 & ver 2016),,,,,,,,
Demonheart,,,,,,,,
Milky Way Prince - The Vampire Star,,,,,,,,
Любовь в детективном клубе (Love Mystery Club / Lian'ai Tuili She),,,,,,,,
Кошачьи Правила (Cat's Rules),,,,,,,,
Цвети ради меня (Bloom For Me),,,,,,,,
Пленённые принцессы (Prison Princess),,,,,,,,
Волшебная Любовь (Magic Love),,,,,,,,
Первый снег (First Snow),,,,,,,,
Сакура Суккуб (Sakura Succubus),,,,,,,,
Лимб (Limbus),,,,,,,,
Smol Birb,,,,,,,,
КНОК - Короткая новелла о космосе (КНОК),,,,,,,,
Dangerous! TOO SWEET!!,,,,,,,,
Монстр Алишера (Monster of Alisher),,,,,,,,
Палач (The Executioner),,,,,,,,
Последний Светлячок (The Last Firefly),,,,,,,,
Magical Otoge Anholly,,,,,,,,
Chronobox,,,,,,,,
Неделя в доме с приведением (A week in a ghost house),,,,,,,,
Тревога (Anxiety),,,,,,,,
Aquarium girl,,,,,,,,
Скрипач,,,,,,,,
Инспектор Солнечной системы №1319 (Inspector of the Solar System № 1319),,,,,,,,
Karakara 2,,,,,,,,
Синий дым (Nila Dhuma),,,,,,,,
Бабка (Бабка),,,,,,,,
The Fairy's Song,,,,,,,,
Когда плачут аисты - Фаза 1 (Ciconia no Naku Koro ni),,,,,,,,
Страх в летнем лагере (Summer camp fear),,,,,,,,
Изнанка реальности (Reality Reverse Side),,,,,,,,
Taisho x Alice Ep.1,,,,,,,,
Судебный поворот: Трилогия (Phoenix Wright: Ace Attorney Trilogy / Gyakuten Saiban 123: Naruhodou Selection),,,,,,,,
Элизa (Eliza),,,,,,,,
If Found...,,,,,,,,
Necrobarista,,,,,,,,
За Народ (For the People),,,,,,,,
"Отдел по борьбе с призраками ""Кугахан"". Призраки из отеля (Kugahan-Haioku-)",,,,,,,,
Кулинарный Клуб Йоши: Финальное Издание (Yoshi's Culinary Club: Final Edition),,,,,,,,
Парни в беде (Lads in Distress),,,,,,,,
Сплошные неожиданности,,,,,,,,
Поклонник (Follower),,,,,,,,
Убей или Люби (Kill or Love),,,,,,,,
Пленник забвения (Prisoner of Oblivion),,,,,,,,
Замурчательный алапкалипсис: Чистилище Пятныша (Purrfect Apawcalypse: Patches' Inferno),,,,,,,,
Давай займемся... физкультурой (Let's make sport),,,,,,,,
Хранитель затерянного леса (Lost Forest Keeper),,,,,,,,
Final Fantasy IX: Children of Terra,,,,,,,,
Свидетель с ноутбуком,,,,,,,,
"Ты, я и она: История любви (Kimi to Kanojo to Kanojo no Koi.)",,,,,,,,
Fetch Quest,,,,,,,,
DRAMAtical Murder,,,,,,,,
"You, Me and Empty Words",,,,,,,,
Связанные Одной Целью,,,,,,,,
НОКТЮРН (NOCTURNE),,,,,,,,
Мстительный дух из закулисья (@kurogoyurei - The Vengeful Backstage Spirit -),,,,,,,,
Исходящий вызов,,,,,,,,
Пока Тихо,,,,,,,,
Я никогда не влюблюсь в двоюродную сестру,,,,,,,,
Она рисовала алых волков,,,,,,,,
Кровать над моим монстром (Кровать над моим монстром),,,,,,,,
Соблюдайте тишину (quiet),,,,,,,,
Молоко,,,,,,,,
Не ходите дети в подвал одни,,,,,,,,
СЕРОТОНИН,,,,,,,,
LOVE/PAIN,,,,,,,,
Твой собственный страх,,,,,,,,
Камата-кун (Kamata-kun),,,,,,,,
Тёмное Эхо (Dark Echo),,,,,,,,
gd6.EXE,,,,,,,,
Взаперти (Locked Up),,,,,,,,
Зловещая коллекция,,,,,,,,
Бабушка,,,,,,,,
Легенда о Баниип,,,,,,,,
AFFECTUS,,,,,,,,
"Симптомы смерти:""Виновен. И что?""",,,,,,,,
REDROOM,,,,,,,,
Пробуждая Тьму,,,,,,,,
Вермут (Вермут),,,,,,,,
Время умирать,,,,,,,,
Карантин,,,,,,,,
Шарлотта на вершине мира,,,,,,,,
Мёртвая память,,,,,,,,
Друзья (FRiENDS),,,,,,,,
Кошкин дом,,,,,,,,
Окуляров блики,,,,,,,,
Слёзы Лилит (Lilith's Tears),,,,,,,,
Лесов Лимб,,,,,,,,
Внутри (Inside),,,,,,,,
Немезида (Nemesis),,,,,,,,
Волны (Waves),,,,,,,,
Зима,,,,,,,,
Приступ оцепенения (Приступ оцепенения),,,,,,,,
Дело о серийном убийце из Портопии (Portopia Renzoku Satsujin Jiken / The Portopia Serial Murder),,,,,,,,
Предел,,,,,,,,
Смертное ложе (Deathbed),,,,,,,,
Трасса,,,,,,,,
ПМКМ!/Помоги Мне Купить Молоко!,,,,,,,,
Похищенная Девушка (Kidnapped Girl),,,,,,,,
Киберагент - сюжетная игра & визуальная новелла,,,,,,,,
Сёдзё Город (Shoujo City),,,,,,,,
Steins;Gate 0,,,,,,,,
Холмы Лафоре,,,,,,,,
SCP: Ещё Одна Жизнь (SCP: One More Life),,,,,,,,
Реквием Темного Лорда: плакса. (Requiem of the Dark Lord: crybaby.),,,,,,,,
Grisaia: Phantom Trigger Vol. 1,,,,,,,,
Выцветший (Withered),,,,,,,,
Replica,,,,,,,,
Оруэлл: присматривает за тобой (Orwell: Keeping an Eye On You),,,,,,,,
Слава Королевы (Queen's Glory 女王的榮耀 /Queen's Glory Nǚwáng de róngyào),,,,,,,,
Ничто и нигде (Nothing & Nowhere),,,,,,,,
Новая жизнь (A New Life),,,,,,,,
Школа Аниме Психов (Anime Psycho School),,,,,,,,
JPDE - Соната огня (JPDE – Sonata Of Fire),,,,,,,,
Мой учитель (My teacher),,,,,,,,
Николь (Nicole),,,,,,,,
Стеклянная Шестеренка (Gear of Glass),,,,,,,,
Ашер (Asher),,,,,,,,
Crystal the Witch,,,,,,,,
Кошечки-жрицы (NekoMiko),,,,,,,,
Белый принтер (White Printer),,,,,,,,
My Life as a Maiden,,,,,,,,
Дивилетион (Divilethion),,,,,,,,
Семеро из Шинобазу. Глава 4: Фуджимару Сейджиро (Shinobazu Seven 04. Seijirou),,,,,,,,
Джинн в корабле,,,,,,,,
Твои усталые глаза (обновленный 1 акт) (H2SB01),,,,,,,,
Кровавое торжество (A Bloody Party),,,,,,,,
"Доброе утро, Мир! (Good Morning World)",,,,,,,,
Starfall,,,,,,,,
A Summer's End — Hong Kong 1986,,,,,,,,
VA-11 HALL-A KIDS,,,,,,,,
Космические приключения вахтёра Вахтанга,,,,,,,,
Отголоски прошлого (Echoes of the past),,,,,,,,
Кошачья Угроза (Cat's Menace),,,,,,,,
Чёрный свет (Ebon Light),,,,,,,,
Тренер K-POP Идолов (K-POP IDOL Trainer),,,,,,,,
Tsugi no Medium PROLOGUE,,,,,,,,
Марко и Галактический Дракон (Marco and the Galaxy Dragon / Marco to Ginga Ryuu),,,,,,,,
Олег (Oleg),,,,,,,,
Две стороны Луны: 3 глава,,,,,,,,
Больше никогда не быть одиноким (Never Lonely Again),,,,,,,,
"Все, что я хочу на Рождество - Девушку (All I Want for Christmas is a Girlfriend)",,,,,,,,
"Женщина-сова, женщина гадалка (The Owl-Woman Oracle)",,,,,,,,
7-е июля и завтра (Shichi-gatsu nanoka to sono ashita),,,,,,,,
На крыше (On the roof),,,,,,,,
Судебный поворот 3 (Phoenix Wright: Ace Attorney 3 -Trials and Tribulations / Gyakuten Saiban 3),,,,,,,,
Посёлок,,,,,,,,
Любитель Кошкодевочек (CATGIRL LOVER),,,,,,,,
Нижний мир (Nether World),,,,,,,,
Shining Song Starnova: Idol Empire,,,,,,,,
Охотник на призраков (Seirei Gari / Ghost Hunter),,,,,,,,
Коридоры их воспоминаний. Предисловие,,,,,,,,
Fedortale Episode 2,,,,,,,,
Кардинальный крест (Cardinal Cross),,,,,,,,
Fedortale Episode 1,,,,,,,,
Твоё сухое наслаждение (Your Dry Delight),,,,,,,,
Безмолвие (Without a Voice),,,,,,,,
Undertale: no more restarts,,,,,,,,
Странный любовный тест (Odd Love Test),,,,,,,,
Заледеневшее пламя (Shelled Flame),,,,,,,,
Гринляпи (Greenlyapie),,,,,,,,
Заклинание (The Spell),,,,,,,,
Machi de Uwasa no Hakushaku-sama,,,,,,,,
Акира (Akira),,,,,,,,
Always The Same Blue Sky,,,,,,,,
Caucasus ~Nanatsuki no Nie~,,,,,,,,
Along the Edge (Along the Edge),,,,,,,,
Как воспитать Девушку-Волчицу (Kemono Musume no Sodatekata),,,,,,,,
Vampire: The Masquerade - Coteries of New York (Vampire: The Masquerade - Coteries of New York),,,,,,,,
Nekojishi,,,,,,,,
Хентай Мозаика Неко Вайфу (Hentai Mosaique Neko Waifus),,,,,,,,
Божественная рапсодия (Kami no Rhapsody),,,,,,,,
Небесный правитель крепости (Amayui Castle Meister),,,,,,,,
Озмафия (Ozmafia),,,,,,,,
Max Massacre,,,,,,,,
"До тех пор, пока мы вместе (As Long As We're Together)",,,,,,,,
- Вечность ∞ Скука - (Endless∞Boredom) / たいくつエンドレス),,,,,,,,
NIGHTSHADE (百花百狼),,,,,,,,
Seers Isle (Seers Isle),,,,,,,,
Лунный свет (Tsuki no Terasu),,,,,,,,
Амбрэ (особая версия) (Ambre (Special)),,,,,,,,
"На крыльях мечты (If my heart had wings / Kono Oozora ni, Tsubasa o Hirogete)",,,,,,,,
ЧАЙНАЯ ТАВЕРНА (A TAVERN FOR TEA),,,,,,,,
8-bit Adventure Steins;Gate/FamicolleADV Steins;Gate (ファミコレADV シュタインズ・ゲート/ファミコレ),,,,,,,,
Под упавшей звездой (Under the fallen star),,,,,,,,
Неверленд: Академия,,,,,,,,
В Токио шел дождь,,,,,,,,
Монстры из Литл Хейвен (Monsters of Little Haven),,,,,,,,
-Hikari! Clover Rescue,,,,,,,,
Fate/Hollow Ataraxia,,,,,,,,
Вечеринка Мертвецов: Кровавый Драйв (Corpse Party: Blood Drive),,,,,,,,
Вершина Хаоса (ChäoS;HEAd),,,,,,,,
Lily of the Valley,,,,,,,,
Moero Downhill Night,,,,,,,,
Симфония дождя (Symphonic Rain),,,,,,,,
Осеннее Приключение (WaW:Autumn Adventure),,,,,,,,
Паровая тюрьма (Steam Prison),,,,,,,,
Un: Birthday Song ~Ai o Utau Shinigami~,,,,,,,,
Смертельное правило: Потерянный код (Death Rule: lost code),,,,,,,,
LOVE³ -Love Cube-,,,,,,,,
Два соискателя (Two Interviewees),,,,,,,,
Ритуалы во тьме (Rituals In The Dark),,,,,,,,
Валентин: корзина плодов (Froot Basket Valentine),,,,,,,,
Когда гаснет свет – День 1: Отрицание,,,,,,,,
Демон и Человек: Странный Контракт (Demon and Man: Strange Contract),,,,,,,,
Меня Зовут Ты (My Name is You),,,,,,,,
Грех,,,,,,,,
Отчаявшиеся Работники -Подростковая Версия- (Discouraged Workers TEEN VERSION/실망실업자),,,,,,,,
Замурчательный Алапкалипсис: Мяучения Навсегда! (Purrfect Apawcalypse: Purrgatory Furever!),,,,,,,,
Соколы: Мунлайт (The Falconers: Moonlight),,,,,,,,
С разбитым сердцем (Broken Hearted: A 9/11 Story),,,,,,,,
The Coma 2: Vicious Sisters,,,,,,,,
Первые Лучи Летнего Солнца,,,,,,,,
Ведьма Бэлль и её немагические друзья (Magical Witch Bell and Her Non-Magical Friends),,,,,,,,
Семеро из Шинобазу. Глава 3: Кисараги Мики (Shinobazu Seven 03. Miki),,,,,,,,
Neo Cab,,,,,,,,
Танкодевочки: симулятор свидания с танком (Panzermadels: Tank Dating Simulator),,,,,,,,
Оруженосец любви (Love Esquire),,,,,,,,
Прежде чем они уйдут (Before They Leave),,,,,,,,
Зачарованный (Bewitched),,,,,,,,
Экон,,,,,,,,
Dynaeleos,,,,,,,,
Calaponis,,,,,,,,
Love Hunt,,,,,,,,
Под кроной тутового дерева (Round the Mulberry Bush),,,,,,,,
Клятва (Oath),,,,,,,,
Дом Иллюзий -A Requiem for Innocence- (The House in Fata Morgana -A Requiem for Innocence- / Fata morgana no Yakata -Another Episodes-),,,,,,,,
X-Change 2 RenPy (X-Change 2),,,,,,,,
X-Change 1 RenPy (X-Change),,,,,,,,
X-Change 3 RenPy (X-Change 3),,,,,,,,
Фальшивка,,,,,,,,
Энигма: (Enigma:),,,,,,,,
Wind & Flame: специальный эпизод,,,,,,,,
~Fox Hime~ Zero,,,,,,,,
Глаз: разговоры и действия,,,,,,,,
Привет Шарлотта: Врата Рая (Hello Charlotte: Heaven's Gate),,,,,,,,
Игра для Рубина (Game for Ruby),,,,,,,,
Призрачная сюита (Ghostly Suite),,,,,,,,
Сладкий Османтус II: Глава 1 (Sweet Osmanthus II / Shan Gui II),,,,,,,,
Сотни Мелодий (Hundreds of Melodies / Bai Qu),,,,,,,,
Fox Hime,,,,,,,,
MAGIC MIRROR HALL,,,,,,,,
Games&Girls Episode 3,,,,,,,,
Karakara,,,,,,,,
Правда: Расстройство 3 - Близнецы (Truth: Disorder III — Gemini / 真実：障害III - 双子座),,,,,,,,
A HERO AND A GARDEN,,,,,,,,
Офисная Жизнь (Office Life),,,,,,,,
Цветник (Flower Garden),,,,,,,,
Маскарад (Masquerade),,,,,,,,
Живые Души (Living Souls),,,,,,,,
Особняк Эша,,,,,,,,
Третий приоритет,,,,,,,,
В объятьях бездны,,,,,,,,
Kindred Spirits on the Roof ~Full Chorus~ (Okujou no Yurirei-san),,,,,,,,
Майнкрафт: История Алекс (Minecraft: Story of Alex),,,,,,,,
WILL: A Wonderful World,,,,,,,,
Подсолнух (Himawari -Pebble in the Sky-),,,,,,,,
Удушье (Asphyxia),,,,,,,,
Академия S (Академия S),,,,,,,,
Сердце леса (Heart of the Woods),,,,,,,,
Моя подруга пришла из леса (My Friend Who Came From the Forest / Mori Kara Kita my Tomo / 森から来たマイ友 / MaiTomo),,,,,,,,
Пиратки (Scallywags),,,,,,,,
Красная Шапочка (Red Riding Hood),,,,,,,,
Игры в оборотней (Golden Mask: The Werewolf Game),,,,,,,,
В погоне за холстом (Catch Canvas),,,,,,,,
Экономика на Краю Мира эпизод.02 (WORLD END ECONOMiCA episode.02),,,,,,,,
Охота на Снарка (Casualties of Cool),,,,,,,,
Армейские девчонки (Army Gals),,,,,,,,
Теория (Theory),,,,,,,,
Вспышка: Первые лучи (The Outbreak: First Light),,,,,,,,
Кошачий приют (Hustle Cat),,,,,,,,
Под чем? (Under what?),,,,,,,,
Далеко за холмами (Over The Hills And Far Away),,,,,,,,
Вспышка: День ноль (The Outbreak: Day Zero),,,,,,,,
Лагерь друзей (Camp Buddy),,,,,,,,
Сад забвения (Garden of Oblivion),,,,,,,,
Starlight Vega,,,,,,,,
Праздник (The Festival),,,,,,,,
Исчезая (теперь_полностью) (Dissolving (Hunter)),,,,,,,,
Holly's Metafood,,,,,,,,
Путепровод,,,,,,,,
 (Не) Открывай свои глаза (Don't) Open Your Eyes),,,,,,,,
 Далёкая Вальхалла (Steins;Gate The Distant Valhalla),,,,,,,,
Soundless - A Modern Salem in Remote Area -,,,,,,,,
Магистранницы,,,,,,,,
Последний день в жизни (Last Day in Life),,,,,,,,
Беспутье (Unroaded),,,,,,,,
National Park Girls,,,,,,,,
Прекрасное мгновение (Being Beauteous),,,,,,,,
Septembera,,,,,,,,
Взаперти (Trapped),,,,,,,,
Butterfly Affection: MIÐGARÐ Edition,,,,,,,,
Последняя строфа (Last Stanza),,,,,,,,
Амбрэ (Ambre),,,,,,,,
Белое эхо,,,,,,,,
"Красоту, пожалуйста! (Pretty, Please!)",,,,,,,,
Аврора: Пять Принцев (Aurore: Five Princes),,,,,,,,
Король Демонов Доминирование (Demon King Domination),,,,,,,,
ТрапМэйд@Кафе (Otomaid@Cafe),,,,,,,,
Реквием Темного Лорда (Requiem of the Dark Lord),,,,,,,,
One Thousand Lies,,,,,,,,
Журнал Катастроф С (Disaster Log C),,,,,,,,
Последний солёный поцелуй (One Last Salty Kiss),,,,,,,,
Never7 -The End of Infinity- (Beta),,,,,,,,
Пустые горизонты (Empty Horizons),,,,,,,,
Прекрасная поездка в Карлайл (A Beautiful Ride to Carlisle),,,,,,,,
Сердцебиение (HEARTBEAT),,,,,,,,
Contract Demon,,,,,,,,
Шесть дней снега (Six Days of Snow),,,,,,,,
Butterfly Affection -Kowaku no Youchuu-,,,,,,,,
Багряно-серый : Рассвет и закат (Crimson Gray : Dusk and Down),,,,,,,,
Томбойкам тоже нужна любовь! (Tomboys Need Love Too!),,,,,,,,
Заказать пиццу (Order A Pizza),,,,,,,,
Мне приснился сон (Yume wo Mita),,,,,,,,
Нуки Нуки Летиратурный Клуб (Nuki Nuki Literature Club),,,,,,,,
Doodle Date,,,,,,,,
Замурчательный Алапкалипсис (Purrfect Apawcalypse),,,,,,,,
Машина Мура (Moore's Machine),,,,,,,,
Л2.1 (Lineage 2.1),,,,,,,,
"Люби меня нежно -сегодня вечером, в баре ""Рассвет""- (ラブミーテンダー ~今宵、Barアルバで~)",,,,,,,,
Nowhere Girl,,,,,,,,
Ночная смена,,,,,,,,
Вальпургиев стих (Walpurgis no Uta),,,,,,,,
Радужная Матрица,,,,,,,,
Высшие люди. Сэр Карась,,,,,,,,
Сенгоку Ранс (Sengoku Rance),,,,,,,,
Девятый Носитель (Daiku no Medium),,,,,,,,
Сакура Агент (Sakura Agent),,,,,,,,
Семеро из Шинобазу. Глава 2: Тайга Аои (Shinobazu Seven 02. Taiga),,,,,,,,
Wind & Flame,,,,,,,,
Blackberry Honey,,,,,,,,
Морское дно (SeaBed),,,,,,,,
Fault - Milestone 2 (Side: Above),,,,,,,,
Цепь - Потерянные Звенья (Chain: The Lost Footsteps/チェーン　失われた足跡),,,,,,,,
ASK TERA: Новогодняя сказка,,,,,,,,
"Время Любви, Дамы! (Time to Love, Ladies!)",,,,,,,,
Фермата (Fermata),,,,,,,,
Pain Killers,,,,,,,,
Завеса,,,,,,,,
Шарлотта (альфа-версия),,,,,,,,
Цвета Алхимии,,,,,,,,
Диггеры,,,,,,,,
Стрелять в голову (Shoot in the head),,,,,,,,
Путь домой (The Way Home),,,,,,,,
Milk Shake Coffee,,,,,,,,
На костях прошлого,,,,,,,,
Исчезая (Dissolving),,,,,,,,
Детский Сад Бокко (Full Bokko Youchien/フルボッコようちえん),,,,,,,,
Красная Шапочка и Заколдованный лес (Akazukin to Mayoi no Mori),,,,,,,,
SYNERGY | REPLICA,,,,,,,,
Милейший монстр (Sweetest Monster),,,,,,,,
Тайсё. Лента Мёбиуса (Taishou Mebiusline),,,,,,,,
Рикошет,,,,,,,,
Судьба Фауста (Soul Gambler),,,,,,,,
Саэска. Демоны и их хозяева.,,,,,,,,
Нить судеб (String Of Fates),,,,,,,,
Санатор: Хроники Ройштадта,,,,,,,,
Рай или Ад,,,,,,,,
Легенды Талии: Аркадия (Legends of Talia - Arcadia),,,,,,,,
Cтатус № (Status №),,,,,,,,
Сияющая Песня Сверхновой (Shining Song Starnova),,,,,,,,
Когда звезда падает (When Aster Falls),,,,,,,,
Изгнанный демон Токо (The Reject Demon: Toko),,,,,,,,
Бабочкин суп (Butterfly Soup),,,,,,,,
Пока смерть не разлучит нас ('Till Death Do Us Part),,,,,,,,
День (deIz),,,,,,,,
Пересекающиеся пути: Связанные миры~ С первого взгляда~ (Crossed Paths: Connected Worlds~ At First Sight~),,,,,,,,
Морковный пирог. Спонтанное переселение душ (Carrot Cake Jinkaku Shuffle Jiken),,,,,,,,
Maid With Perfection,,,,,,,,
"Спустя 7 лет буду ждать (7nen go de Matteru/7年後で待ってる/7 years from now, Seven Years Later)",,,,,,,,
Кровь виновного пса (Togainu no Chi),,,,,,,,
"One Night, Hot Springs",,,,,,,,
Выше Уровня Воды: Прелюдия (The Waters Above: Prelude),,,,,,,,
Рейд (Raid),,,,,,,,
Волчьи Хвосты (Wolf Tails),,,,,,,,
Katawa Shoujo: Летний Клевер (Katawa Shoujo: Summer's Clover),,,,,,,,
У нас прекрасные трупы (Us Lovely Corpses),,,,,,,,
Куда уходят года (Where Ages Go),,,,,,,,
Любовь и Роман - Исследование Интимности (Love and Romance - A Study of Intimacy),,,,,,,,
Пропуск за кулисы (Backstage Pass),,,,,,,,
Девушка в скорлупе - Второй эпизод (Kara no Shoujo The Second Episode),,,,,,,,
Судебный поворот 2 (Phoenix Wright: Ace Attorney 2 - Justice for All / Gyakuten Saiban 2),,,,,,,,
Макна Грамура и фея Белл (Mhakna Gramura to Fairy Bell),,,,,,,,
Под авторством Люси,,,,,,,,
Сказка о говорящей лягушке (The Tale of the Talking Frog),,,,,,,,
Скрижали (Scroll),,,,,,,,
Wander no More,,,,,,,,
Черепашья вечеринка (Turtle Party),,,,,,,,
Город Семи Цветов,,,,,,,,
"О Героях, Злодеях и Зелёных Бобрах (About Heroes, Villains and Green Beavers)",,,,,,,,
Гарри Поттер и Таинственный вор. Часть II (Harry Potter and the Mysterious Thief. Part II),,,,,,,,
Deadlock,,,,,,,,
Игра для Рубина (Глава 2) (Game for Ruby (Глава 2)),,,,,,,,
За закрытыми дверями,,,,,,,,
Цифровая цепь (Digital Chain),,,,,,,,
Посвящаю тебе,,,,,,,,
Пеньюар (Negligee),,,,,,,,
Человечество должно погибнуть (Humanity Must Perish),,,,,,,,
NekoPara Extra,,,,,,,,
Волшебные глаза: Мучительная краснота (マジカルアイズ -Red is for anguish-),,,,,,,,
Кулинарный клуб Йоши (Yoshi's Culinary Club),,,,,,,,
Непоколебимость: Часть 1 (Perseverance: Part 1),,,,,,,,
Звук капли -падение в яд- (Shizuku no Oto -fall into poison-),,,,,,,,
Принц Гусеница (Prince Caterpillar),,,,,,,,
Экономика на Краю Мира эпизод.01 (WORLD END ECONOMiCA episode.01),,,,,,,,
Magical Otoge Ciel (Magical Otoge Ciel),,,,,,,,
Пустота (Void),,,,,,,,
Щелкунчик (Clacker),,,,,,,,
Линна (Lynne),,,,,,,,
Memory's Dogma CODE:01,,,,,,,,
Bishoujo Mangekyou -Norowareshi Densetsu no Shoujo-,,,,,,,,
Кукла. Рассвет (The Doll. Sunrise),,,,,,,,
Дрейф (Adrift),,,,,,,,
Запертая (Locked-In),,,,,,,,
Заказ 43.20,,,,,,,,
Давление воздуха (Air Pressure),,,,,,,,
Амнезия: Воспоминания (Amnesia: Memories),,,,,,,,
Недуг (Sickness),,,,,,,,
Вторжение! Свидание с щупальцами,,,,,,,,
Tomoyo After ~It's a Wonderful Life~,,,,,,,,
Любовь в Цвету (Love is in Bloom),,,,,,,,
Лесная Колыбельная,,,,,,,,
Шепотки (Whispers),,,,,,,,
Pantsu Hunter: Back to the 90s,,,,,,,,
Движение Сердца (Motion Of The Heart FREE),,,,,,,,
Феномен Золушки (Cinderella Phenomenon),,,,,,,,
Это ль Жизнь? (Is This the Life?),,,,,,,,
Ayakashi Gohan,,,,,,,,
Кусоге (Kusoge),,,,,,,,
Моя Девушка Служанка: Твой Романтический Выбор (My Maid Girlfriend: Romance You Choose),,,,,,,,
Малиновая Девочка (Scarlet Girl),,,,,,,,
Друг (Friend),,,,,,,,
Сакура Хэллоуин (Sakura Halloween),,,,,,,,
Gray GRID,,,,,,,,
"Эй, люби меня всерьез! (Maji de Watashi ni Koishinasai!)",,,,,,,,
Не иди на риск (Don't Take This Risk),,,,,,,,
День рождения Тима (Tim's Birthday),,,,,,,,
Летние Дни (Shiny Days/シャイニーデイズ),,,,,,,,
Песня Перерождения ~Синигами поющий о любви~ (Re:Birthday Song ~Koi o Utau Shinigami~),,,,,,,,
С Возвращением Домой (Welcome Home),,,,,,,,
РАЗБУДИ МЕНЯ (WAKE ME UP),,,,,,,,
a2 ~a due~ (a2 ~a due~),,,,,,,,
Гайд по проклятью (Curse guide),,,,,,,,
Hatoful Boyfriend: Holiday Star,,,,,,,,
Палинур (Palinurus),,,,,,,,
Eternal Hour: Golden Hour,,,,,,,,
Мой Роман с Близнецами: Твой Романтический Выбор (My Twin Romance: Romance You Choose),,,,,,,,
Тайны Рождества,,,,,,,,
Доктор Фрэнк Создает-Парня (Dr. Frank's Build-A-Boyfriend),,,,,,,,
Талая Кровь ~Новая Постановка~ (Melty Blood ~Re-ACT~),,,,,,,,
Чайные Сны (Tea Dreams),,,,,,,,
Единение Сердец (Connected Hearts),,,,,,,,
Ошибочка вышла (Error came out),,,,,,,,
Одержимость (Obsession),,,,,,,,
Danganronpa: Академия Надежды и Отчаявшиеся Ученики (Danganronpa: Trigger Happy Havoc / Danganronpa Academy of Hope and High School Students of Despair / Danganronpa Kibou no Gakuen to Zetsubou no Koukousei),,,,,,,,
Легенда зимнего леса,,,,,,,,
Aozora Meikyuu,,,,,,,,
Летний Кошмар (Summer Nightmare),,,,,,,,
Z-Конец (Z-End),,,,,,,,
Снайпер Любви (Love Sniper),,,,,,,,
Гармония (Harmonia),,,,,,,,
"Эфемерный, Манящий Мир Тьмы: Обитатели Тьмы (Ephemeral/-エフェメラル-)",,,,,,,,
Uvao Project (2017),,,,,,,,
Сакура Рождественская Вечеринка (Sakura Christmas Party),,,,,,,,
Subarashiki Hibi ~Furenzoku Sonzai~,,,,,,,,
Останься! Останься! В КНДР! (Stay! Stay! DPRK),,,,,,,,
Доки-Доки Литературный клуб! (Doki Doki Literature Club!),,,,,,,,
Utawarerumono,,,,,,,,
Мои Дьявольские Возлюбленные: Твой Романтический Выбор (My Devil Lovers: Romance You Choose),,,,,,,,
Красный Буревестник (Красный Буревестник),,,,,,,,
Милашка (Pretty),,,,,,,,
Дети звездной пыли (Stardust Kids),,,,,,,,
NekoPara Vol.3,,,,,,,,
Sakura Dungeon,,,,,,,,
Волчица с Тобой (Wolf girl with you/狼少女といっしょ),,,,,,,,
Король Бали (King Of Bali),,,,,,,,
Две лилии (Tsui Yuri),,,,,,,,
Элиза: Соблазнение Хозяйки Трактира (Elisa: Seduce the Innkeeper),,,,,,,,
Счастливый класс (Happy Class),,,,,,,,
Games&Girls Episode 2,,,,,,,,
"Однажды Ночью, Открытой Всем Ветрам (Once on a windswept night)",,,,,,,,
Сакура Валентинов День (Sakura Valentine's Day),,,,,,,,
Василиска (Basiliska),,,,,,,,
Первый Поцелуй на Ужасной Вечеринке (First Kiss at a ~Spooky~ Soirée),,,,,,,,
Свидание с Лакомкой (Date Treat),,,,,,,,
Багряно-Серый (Crimson Gray),,,,,,,,
Медальон,,,,,,,,
Черный (Black),,,,,,,,
One Night Stand,,,,,,,,
VA-11 HALL-A,,,,,,,,
Гулливер Приходит в Блефуску (Gulliver Comes to Blefuscu),,,,,,,,
Дом Иллюзий (The House in Fata Morgana / Fata Morgana no Yakata),,,,,,,,
Starry☆Sky ~in Autumn~,,,,,,,,
Hate Plus,,,,,,,,
Моя Правда (My True),,,,,,,,
Проклятый взгляд (Cursed Sight),,,,,,,,
Судебный поворот (Phoenix Wright: Ace Attorney 1 / Gyakuten Saiban 1),,,,,,,,
Games&Girls,,,,,,,,
Даэлирон,,,,,,,,
Сакура Космос (Sakura Space),,,,,,,,
Сквозь лунный свет (Moonlight Crossing),,,,,,,,
Восприятие мертвых (Perceptions of the Dead),,,,,,,,
Последний звонок (Last Call),,,,,,,,
Каприччио демона-принца (Akuma-ouji Kisoukyoku),,,,,,,,
Соблазни меня 2: Война демонов (Seduce Me 2: The Demon War),,,,,,,,
Одуванчик ~Пожелание Привело к Тебе~ (Dandelion ~Neoege Buneun Baram~/ Dandelion ~Wishes Brought To You~/덴더라이언 ~너에게 부는 바람~),,,,,,,,
Вечерний Сюрприз,,,,,,,,
Кукла. Предыстория (The Doll. Prehistory),,,,,,,,
Охота на сущность (Essence Hunt),,,,,,,,
Старфайтер: Затмение (Starfighter: Eclipse),,,,,,,,
Sword of Asumi,,,,,,,,
Вид Огней Авроры (Vision of Aurora Borealis),,,,,,,,
Похоронный демон Реджинальд (Sousouki Reginald),,,,,,,,
Безмолвный дом (Silenced: The House),,,,,,,,
Хомтоме (Хомячье отоме),,,,,,,,
Элиза: Хозяйка Трактира (Elisa: The Innkeeper),,,,,,,,
Химический переполох,,,,,,,,
Воеводы и Наместники:Выборгский Гром (Воеводы и Наместники:Выборгский Гром),,,,,,,,
Hazard: Magical Girdle 1.0.1,,,,,,,,
Love Ribbon,,,,,,,,
"Парень, который мне нравится? (Ki ni Naru Otoko no Ko?)",,,,,,,,
Doki-Doki Любовная Пора Старшей Школы (Doki-Doki High School Love Time),,,,,,,,
Гарри Поттер и Таинственный вор. Часть I (Harry Potter and the Mysterious Thief. Part I),,,,,,,,
Blade Quest,,,,,,,,
Однажды в ночь на Хеллоуин (Once Upon a Hallow's Eve),,,,,,,,
Сакура Нова (Sakura Nova),,,,,,,,
Мелодия ее любви (Sounds of Her Love),,,,,,,,
Вечеринка мертвых: Книга теней (Corpse Party: Book of Shadows),,,,,,,,
Bionic Heart,,,,,,,,
Бриллиантовая Роза (Diamond Rose),,,,,,,,
На счет три,,,,,,,,
Fault - Milestone One,,,,,,,,
Курена и Сосис (Chook and Sosig),,,,,,,,
"Тени, что бегут за нашей машиной (The Shadows That Run Alongside Our Car)",,,,,,,,
Мирт. Сказки холодного края,,,,,,,,
В Либертад (To Libertad),,,,,,,,
Разбуди меня в январе,,,,,,,,
Zero Escape: Zero Time Dilemma,,,,,,,,
Моя странная сестра v1.0a,,,,,,,,
Молоток (Hammer),,,,,,,,
Милые незваные демоны (Cute Demon Crashers),,,,,,,,
Forest,,,,,,,,
Сакура Служанка 3 (Sakura Maid 3),,,,,,,,
"Пожалуйста,Ответьте (Please Respond)",,,,,,,,
Движок Симулятора Свиданий (Date Simulation Engine),,,,,,,,
Сакура Служанка 2 (Sakura Maid 2),,,,,,,,
Сакура Мико (Sakura Shrine Girls),,,,,,,,
Angel Beats! -1st beat-,,,,,,,,
Пересчитывая людей (Hitokazoe),,,,,,,,
Любовь Юрского Периода (Jurassic Heart),,,,,,,,
Remember11 -the age of infinity-,,,,,,,,
Сакура Служанка (Sakura Maid),,,,,,,,
Blood Code (Blood Code),,,,,,,,
Снежный флирт,,,,,,,,
Проблемные системы (Dysfunctional Systems),,,,,,,,
"Я внезапно стала девочкой-волшебницей, чтоб сражаться с инопланетянами из другого измерения?! (Suddenly Became a Magical Girl to Fight Aliens from Another Dimension?!)",,,,,,,,
Багровый Новый год (Red New Year),,,,,,,,
Написанное на небесах (Written In The Sky),,,,,,,,
В поисках утраченного будущего (Ushinawareta Mirai wo Motomete),,,,,,,,
Сакура Санта (Sakura Santa),,,,,,,,
Судьбоносное путешествие (Destiny Voyage),,,,,,,,
Ратирика (Ratirica),,,,,,,,
Шарлатаны (Charlatanss),,,,,,,,
Оно Идёт Поблизости (It Comes Around),,,,,,,,
История Вора (Thief Story),,,,,,,,
Пиритовое сердце (Pyrite Heart),,,,,,,,
Книжная Серия-Алиса в Стране Чудес (Book Series-Alice in Wonderland),,,,,,,,
Перезапись (Rewrite),,,,,,,,
"С Мику в закулисье (Mirai no Uta to, Tsunagaru Hitomi)",,,,,,,,
Пора созревания Вишни (皮被りのチェリー (Kawakaburi no Cherry)),,,,,,,,
"Песня Колокольчика, Тембр Будущего (Rin ga Utau, Mirai no Neiro / 鈴が歌う, 未来の音色―)",,,,,,,,
Фейк Новелла: Ассасинка,,,,,,,,
Вне поля зрения (Out of Sight),,,,,,,,
Агония (Agony),,,,,,,,
Зеркальная Алиса (Gyakuten Alice~Fushigi no Kuni no Jou-sama~/Reverse Alice-Queen in Wonderland/逆転アリス～不思議の国の女王様～),,,,,,,,
История мира Дождя (Ame no Marginal -Rain Marginal-),,,,,,,,
Прелюдия,,,,,,,,
Жуткие истории Эзарэля на Хэллоуин (Creepy Ezarel's Halloween stories),,,,,,,,
Рукопись: Другой путь 1.0,,,,,,,,
Призрачные семена (Phantom Seeds),,,,,,,,
Моя Запретная Любовь (My Forbidden Lover/Itoshisa Mafia ni Hanataba wo/愛しきマフィアに花束を),,,,,,,,
Disturbed,,,,,,,,
Девять муз (Nine muses [ветка Виктора Рейнера]),,,,,,,,
Огненная Любовь (Burning Love),,,,,,,,
Одна Маленькая Жизнь,,,,,,,,
Жирная сага (Fat saga),,,,,,,,
Угощай или Пожалеешь (Trick & Treat),,,,,,,,
Sakura Beach 2,,,,,,,,
Реминисценция: Тлеющая Мелодия Ноктюрна (Reminiscentia: Kuchiteru Nocturne no Kyoku),,,,,,,,
Журавлик,,,,,,,,
Хранитель времени,,,,,,,,
Юдоль скорби (The vale of sorrow),,,,,,,,
Полет,,,,,,,,
История о Девочке - Смерти,,,,,,,,
Lifemare,,,,,,,,
Paris Encore,,,,,,,,
UNKNOWN,,,,,,,,
Последний Феникс,,,,,,,,
Zeitnot,,,,,,,,
Падение Империи (Decline of the Empire),,,,,,,,
"Люси ~Вечность, которую она желала~ (Lucy - The Eternity She Wished For - / Lucy - Geunyeoga Baladeon Geos -)",,,,,,,,
Дух Времени,,,,,,,,
v.C. Исток (v.C. Source),,,,,,,,
Путеводный огонь маяка,,,,,,,,
Вагон Страстей (Railway Carriage of Passions),,,,,,,,
Парадокс: Псевдовселенные,,,,,,,,
Сакура Клуб Плавания (Sakura Swim Club),,,,,,,,
Песнь Сайи (ремейк) & Песнь Сайи 2 (Saya no uta - Derangement & Saya no uta 2 (v.1.1.5)),,,,,,,,
"Я хочу, чтоб ты жила",,,,,,,,
Осколки души (Soul shards),,,,,,,,
"Радикальные мечтатели — Драгоценный камень, который невозможно украсть (Radical Dreamers: Nusumenai Hoseki)",,,,,,,,
Связанные (Concatenated),,,,,,,,
Сумеречный Роман (Twilight Romance/トワイライトロマンス),,,,,,,,
Роковая Встреча (The Fateful Encounter/Koi no Jiken wa Totsuzen ni/恋の事件は突然に),,,,,,,,
Принцесса Братьев Гримм (Grimm's Princess~Douwa Hime~/グリム's プリンセス〜童話姫〜),,,,,,,,
Мой шоколад (Boku no Shokora),,,,,,,,
Highway Blossoms,,,,,,,,
Петля (Loop),,,,,,,,
Рассказчица и сказки (Kataribe-san to Otogibanashi),,,,,,,,
Звёздный Резонанс (Seisai no Resonance),,,,,,,,
Hatoful Boyfriend,,,,,,,,
Hanahira!,,,,,,,,
Пугало (Scarecrow),,,,,,,,
Сироп и Совершенная Сладость (Syrup and the Ultimate Sweet),,,,,,,,
Time Hollow (奪われた過去を求めて),,,,,,,,
Странствующий студент (Monmon Gakuen ~Tenkousei~ / もんもん学園～ten・ko・sei～),,,,,,,,
Войны Сакуры (Sakura Taisen / サクラ大戦),,,,,,,,
Инь-Янь - X-Change Другая история (Yin-Yang! X-Change Alternative / いんやん えっくすちぇんじ おるたなてぃぶ),,,,,,,,
Планета Тсукими (つきみぷらねっと),,,,,,,,
Нетленная любовь (Undead Lovers/アンデッドデスティニー),,,,,,,,
Ночь в госпитале (Night at the Hospital),,,,,,,,
Горячие Сердца (Hot Hearts),,,,,,,,
Ханна на блуждающем леднике,,,,,,,,
Романтика Школьных Тайн (School Wonders Romance/Heisagaku Koi~Misshitsu Kara no Dasshutsu~/閉鎖学恋〜密室からの脱出〜),,,,,,,,
Лето настигло меня (Summer found me),,,,,,,,
Мистический Стикс (Mystic Styx),,,,,,,,
NekoPara Vol.2,,,,,,,,
"Ещё увидимся (Sore Ja, Mata Ne)",,,,,,,,
Моя Королевская Стража (My Royal Guard/Oukyuu no Shugosha-tachi/王宮の守護者たち),,,,,,,,
Мой Странный Любовник (My Strange Lover/Mangetsu no Yoru ni wa Goyoujin/満月の夜にはご用心),,,,,,,,
Фейк Новелла: Адская Общага (Fake Novel: Infernal Dormitory),,,,,,,,
Запертое сердце (Locked Heart),,,,,,,,
Love is Strange,,,,,,,,
Безымянный (NoName),,,,,,,,
Хитогочи (Hitogochi),,,,,,,,
Судьба/Пробуждение (Fate/Awakening),,,,,,,,
"Русалка и Мальчик: летняя встреча (The Mermaid, the Sea and the Boy's summer)",,,,,,,,
Лемниската (Lemniscate),,,,,,,,
Монохромное небо (モノクロオムヘヴン),,,,,,,,
Ворарефилия (Vore),,,,,,,,
Утро (Morning),,,,,,,,
Гарри Поттер и Заклинание Трансвоменции (Harry Potter and the Transformency Spell),,,,,,,,
Её Слёзы Были Моим Светом (Her Tears Were My Light),,,,,,,,
Подводный роман (My Ocean Romance),,,,,,,,
Травница (The Herbalist),,,,,,,,
Гипер измерения Нептунии пере;рождения 2 (Hyperdimension Neptunia Re;Birth 2),,,,,,,,
Гипер измерения Нептунии пере;рождения 1 (Hyperdimension Neptunia Re;Birth 1),,,,,,,,
Уроки Сладострастия (Slave Pageant/Shoujo Settai/娼女接待),,,,,,,,
Цифровая История Любви (Digital:A Love Story),,,,,,,,
Without Within,,,,,,,,
Печальная История Эммелин Бёрнс (The Sad Story of Emmeline Burns),,,,,,,,
Silent Hill:Play Novel/Silent Hill:Genesis,,,,,,,,
Нелепое самоубийство №7 (Le Suicide Grotesque #7),,,,,,,,
Купидон (Cupid),,,,,,,,
Cuttlebone,,,,,,,,
"Forgotten, Not Lost",,,,,,,,
Мир Наоборот (The world to reverse. Hallucinate. Flanca.),,,,,,,,
Адажио (Adagio),,,,,,,,
Бедная птичка (Kawaisou na Kotori),,,,,,,,
Последние Выходные (The Last Weekend),,,,,,,,
NekoPara Vol.1,,,,,,,,
Цвет (Colour),,,,,,,,
Вечный холод,,,,,,,,
Любовь после школьного клуба/Клуб свиданий после школы/Вечерний школьный клуб свиданий (Casual Romance Club-L'Etude de l'Amour/After School Romance Club/Houkago Ren'ai Club~Koi no Etude~/放課後恋愛倶楽部 ～恋のエチュード～),,,,,,,,
Та простая и заветная вещь (That Cheap and Sacred Thing),,,,,,,,
Sakura Beach,,,,,,,,
Душин То же самое Сердце/Одно Сердце на Троих (Doushin-Same Heart/Doushin ~Sanshimai no Etude~/同心～三姉妹のエチュード～),,,,,,,,
Недержание/W.C.Запрещенные игры с девочками АНИМЕ/Туалет:Запретная Комната (Water Closet:The Forbidden Chamber/Shiyouchuu ~W.C.~/使用中～W.C.～),,,,,,,,
Чудеса (Wondrous/Miracles),,,,,,,,
Критическая точка/На грани срыва (Rinkaiten~Critical Point~/臨界点 ～クリティカル・ポイント～),,,,,,,,
Любовь с первого взгляда (Hitomebore ~Love at First Sight~),,,,,,,,
Моя Маленькая Служанка (Little My Maid/リトルＭｙメイド),,,,,,,,
Маленькая История Несуществующего Мира (The Small Story),,,,,,,,
Сэнсэй 2:Запретное Влечение/Сэнсэй 2 (Sensei 2/せ・ん・せ・い2),,,,,,,,
Неугомонные Девочки-Кролики 2/Тебе Нравятся Соблазнительные Кролики? 2/Соблазнительные Хвостики (Do You Like Horny Bunnies? 2/Ecchi na Bunny-san wa Kirai? 2/エッチなバニーさんは嫌い？2),,,,,,,,
Неугомонные Девочки-Кролики/Тебе Нравятся Соблазнительные Кролики? (Do You Like Horny Bunnies?/Ecchi na Bunny-san wa Kirai?/エッチなバニーさんは嫌い?),,,,,,,,
Школьный Роман 3 (X-Change 3/えっくすちぇんじ3),,,,,,,,
Школьный Роман 2:Империя Чувств (X-Change 2),,,,,,,,
Школьный Роман (X-Change),,,,,,,,
Квест Монстродев! (Monmusu Quest! / Monster Girl Quest!),,,,,,,,
Санрайдер: День освобождения + DLC [RE]TURN (Sunrider: Liberation Day + DLC [RE]TURN),,,,,,,,
Ночная Иллюзия (Nocturnal Illusion/Mugen Yasoukyoku/夢幻夜想曲),,,,,,,,
Фейк Новелла — Симулятор Тян,,,,,,,,
Побег из отеля ...или есть ли жизнь после секса...? (Sex Before We Escape -Breaking Out of Luxury Resort Hotel-/脱出はSEXのあとで -シティリゾートホテルからの脱出-),,,,,,,,
Kimihane Kanojo to Kanojo no Koi Suru Ikkagetsu,,,,,,,,
Камера (The Camera),,,,,,,,
Хроники Эллеора (The Chronicles of Elleor),,,,,,,,
Тёплая Зима (Warm Winter),,,,,,,,
Слепой Грифон (The Blind Griffin),,,,,,,,
Жизнь с рабыней: Познание чувств 2.4 (Dorei to no Seikatsu -Teaching Feeling-),,,,,,,,
NEKOPARA Vol. 0,,,,,,,,
Тонина Тетрадь (Lost girl`s [diary]),,,,,,,,
Квартет! (Quartett!/カルテット！),,,,,,,,
Вспомнить детские чувства (Remind children's feelings),,,,,,,,
Соблазни меня (Seduce Me),,,,,,,,
Завеса,,,,,,,,
Бессонная Ночь (Sleepless Night),,,,,,,,
Семеро из Шинобазу. Глава 1: Субару Уоррен (Shinobazu Seven 01. Subaru),,,,,,,,
Carpe Diem,,,,,,,,
Sakura Fantasy Chapter 1,,,,,,,,
Я обещаю!,,,,,,,,
Ледяной зов. Пять великих рун (Ice call),,,,,,,,
Tamed Soul (Покоренная душа),,,,,,,,
Скрытое от глаз,,,,,,,,
"Джак, Повелитель Духов (upd 10.02)",,,,,,,,
Пепельный свет,,,,,,,,
Рафтен: предсказание,,,,,,,,
"Не ходите, детки, в лес",,,,,,,,
Рассеивание,,,,,,,,
Выхода нет (No Way Out / 仕様が無い (siyou ga nai)),,,,,,,,
Не властны даже короли (НДК),,,,,,,,
Полёт фантазии (Flight of Fantasy),,,,,,,,
Никогда не сдавайся (Never Give Up (обновлённая версия)),,,,,,,,
Причина для чуда (The Reason for the Miracle),,,,,,,,
Заклинатель,,,,,,,,
Дети камней: Сердце мира бьется в нас,,,,,,,,
Целуя Эти Лепестки (Sono Hanabira ni Kuchizuke o),,,,,,,,
"Призрак, боящийся смерти",,,,,,,,
Отряд ΨΧ (Squad ΨΧ),,,,,,,,
Ключ с зачёркнутым солнцем,,,,,,,,
По ту сторону портала,,,,,,,,
Одинокая лилия (Kodoku ni Kiku Yuri),,,,,,,,
Wonder World,,,,,,,,
Инкогнито (Incognito),,,,,,,,
Большие Неприятности,,,,,,,,
Сдержать обещание,,,,,,,,
Halloween Otome,,,,,,,,
Демон Мастер Крис (Demon Master Chris),,,,,,,,
Ткач памяти (версия 0.5),,,,,,,,
Ничтожество лишь может... ничего (Nobody can... nothing),,,,,,,,
Становясь легендой (Becoming a Legend),,,,,,,,
Враг Народа,,,,,,,,
Лисица (Vixen),,,,,,,,
Игра на Раздевание (Roshutsu de Asobou/露出であそぼう),,,,,,,,
Потерянное завтра (Lost Tomorrow),,,,,,,,
Ночь Собаки (Night Dog),,,,,,,,
Морок (Morok),,,,,,,,
Полуночная Грань (Gozen 0 no Marginal),,,,,,,,
Любовь уже в продаже (Любовь в продаже),,,,,,,,
Robad (Robad),,,,,,,,
Я позабочусь о тебе,,,,,,,,
Узы (Ties),,,,,,,,
Высь (Air),,,,,,,,
Mix Ore (みっくすおれ),,,,,,,,
Небесные Огни (Lights in the Sky),,,,,,,,
Лакенбут,,,,,,,,
"Дом у озера 1,2 (The Lake House 1,2)",,,,,,,,
Приключения на Другой Стороне (Adventure on the Other Side),,,,,,,,
Хейлин: Поездка в Баварию (Heileen: A Trip to Bavaria),,,,,,,,
#Connect,,,,,,,,
Koisuru Natsu no Last Resort,,,,,,,,
Дверь,,,,,,,,
Грех Мачехи/Мой отец снова женился (Gibo:Stepmother's Sin/Gibo/義母),,,,,,,,
"На удачу, с закрытыми глазами",,,,,,,,
Проекция меня (Projection Me),,,,,,,,
Зеркало колдуна (Der Spiegel des Zauberers),,,,,,,,
Гений Лжи (Usotsuki Genius),,,,,,,,
Академия Санрайдер (Sunrider Academy),,,,,,,,
Санрайдер: Первое прибытие & Маска Аркадиуса (Sunrider: First Arrival & Mask of Arcadius),,,,,,,,
Девы Камелии (@CameliaGirls),,,,,,,,
"Братец, я люблю тебя! (I Love You, Brother!)",,,,,,,,
Звуки истины,,,,,,,,
Без имён (Those Without Names),,,,,,,,
КотонаруМе,,,,,,,,
Steins;Gate,,,,,,,,
Крестоносцы-Рыцари Самоцветов (Jewel Knights-Crusaders/ジュエルナイツ・クルセイダーズ),,,,,,,,
Дисциплина Запись Крестового Похода (Discipline The Record of a Crusade),,,,,,,,
Алтарь Страсти/Список Девственниц (Shukketsubo~Senaka no Oetsu~/Virgin Roster/出血簿〜鮮赤の嗚咽〜),,,,,,,,
Женский Клуб:Запретные Удовольствия (Hitozuma Hime Club/Secret Wives Club:Forbidden Pleasures/人妻姫倶楽部),,,,,,,,
Невероятные приключения Трояна! 3 (Невероятные приключения Трояна! 3),,,,,,,,
Любовные Процедуры/Частная медсестра (Private Nurse/プライベートナース),,,,,,,,
Баччикои! Новые истории (Bacchikoi! Expansion pack),,,,,,,,
Сладкий Османтус (Shan Gui / Sweet Osmanthus),,,,,,,,
Бездомный парень,,,,,,,,
Sakura Angels,,,,,,,,
KONA Project,,,,,,,,
Когда плачут цикады: Ответы (Higurashi no Naku Koro ni: Kai),,,,,,,,
Красная шапочка (История волка) (Li'l Red (A Wolf's Tale)),,,,,,,,
Men at Work! 2,,,,,,,,
Времена роз и пушек (Rose Guns Days: The Best),,,,,,,,
Кто же Майк? (Who is Mike?),,,,,,,,
Черный подсолнух,,,,,,,,
Мой первый парень -Сатору- (Hatsukare Ecchi ~Visual Drama~ Satoru Hen),,,,,,,,
Кровавый идол Вакабаяси-кун! (Blood Idol Wakabayashi-kun!),,,,,,,,
Сестренка цундере (Tsundere na Imouto),,,,,,,,
Смертельная привязанность (Deadly Attachment),,,,,,,,
Tsukihime Plus+Disc,,,,,,,,
"Твой, Безграничный Разум. Глава I: Мы (Your, Endless Mind)",,,,,,,,
Маленькие проказники! (Little Busters!),,,,,,,,
Насмешка сердца: Встреча (Grinning Heart: The Meeting),,,,,,,,
Романтичный детектив (Romance Detective),,,,,,,,
Баччикои! (Bacchikoi!),,,,,,,,
Фетиш: Каждая секунда на счету (Fetish: Every Second Counts),,,,,,,,
Осеннее путешествие (Autumn's Journey),,,,,,,,
Analogue: A Hate Story,,,,,,,,
В центре внимания (Tunnel Vision),,,,,,,,
Морозный Поцелуй,,,,,,,,
Зимнее счастье (Winter Bliss),,,,,,,,
Связь нитей (Tying Threads),,,,,,,,
Liar Liar 2,,,,,,,,
Однолистный клевер (One Leaf Clover),,,,,,,,
Рей (Rei),,,,,,,,
Novel-show. Выпуск 0. Немного о новеллах и жанрах,,,,,,,,
Мой учитель (My Teacher),,,,,,,,
Zayay,,,,,,,,
My Lightly Pony: День Согревающего Очага,,,,,,,,
Клепсидра -Крест Света и Тени- (Clepsydra ~Hikari to Kage no Jujika~),,,,,,,,
Свидание с ночёвкой (Sleepover),,,,,,,,
Карат. Маленькая девочка и большое бытие.,,,,,,,,
Дух сакуры (Sakura Spirit),,,,,,,,
Тлен Во Тлен (Aske Til Aske),,,,,,,,
Три грации,,,,,,,,
"Санитар ""Азбука мертвых"" (Corpsman: The ABCs of the Dead)",,,,,,,,
Шестидесятый километр,,,,,,,,
Демонесса (Demoness),,,,,,,,
Сумеречный лес,,,,,,,,
Liar Liar,,,,,,,,
Яндере-тян (Yandere-Chan),,,,,,,,
К невозможному никого не обязывают,,,,,,,,
Три после полуночи (Welcome to Scaretale: Three Past Midnight),,,,,,,,
Над радугой (Niji no Kanata ni),,,,,,,,
Девушка в скорлупе (Kara No Shoujo),,,,,,,,
Lamento -Beyond the Void-,,,,,,,,
Long Live The Queen,,,,,,,,
Девочка на миллиард рупий (1 Billion Rupiah Girl),,,,,,,,
История львичек,,,,,,,,
За стеной сна (Beyond the Wall of Sleep),,,,,,,,
Слава Администрации! (Glory to Administration!),,,,,,,,
Любитель скорости (Speed addict),,,,,,,,
Сказка для Дарины (DarinaTale),,,,,,,,
VIPER-V16,,,,,,,,
Дэдлайн (Deadline),,,,,,,,
Кикокугаи-Кибер Убийца Ремейк (Kikokugai -Reichin Rinrinshan-),,,,,,,,
"Страна Колес, Вечная юность (Sharin no Kuni, Yuukyuu no Shounenshoujo)",,,,,,,,
Йосей (Yousei),,,,,,,,
Когда Плачут Чайки: Перья (Umineko no Naku Koro ni Hane),,,,,,,,
Когда Плачут Чайки: Крылья (Umineko no Naku Koro ni Tsubasa),,,,,,,,
Когда плачут чайки: Крах (Umineko no Naku Koro ni Chiru),,,,,,,,
Клуб нонконформистов,,,,,,,,
Мир её глазами...,,,,,,,,
Lvl1,,,,,,,,
Сад в облаках,,,,,,,,
Каблук,,,,,,,,
Всё начинается в тавернах,,,,,,,,
Королевство ЗАЙЦА-КОРОЛЯ,,,,,,,,
Спящий Дракон,,,,,,,,
Нерассказанный миф. Сказ первый (Untold Myth 1st Tale),,,,,,,,
Пятая Алиса (Welcome to Scaretale: Alice №5),,,,,,,,
Канон (Kanon),,,,,,,,
"Мне нравится то, что мне нравится, вот так (2 часть) (Sukisho 2 - Target Nights)",,,,,,,,
"Мне нравится то, что мне нравится, вот так! (Sukisho 1 - First Limit)",,,,,,,,
Лебединая песнь (Swan song),,,,,,,,
Nuki Nuki Destiny 2,,,,,,,,
Одержимый Страстью (Tsuki Possession),,,,,,,,
TO&HI:Тайна чeрной беретки (TO&HI:Mystery of The Black Beret),,,,,,,,
"TO&HI:Вспомнить всё.Викторина на выживание (Torako & Hitsuji: Total Recall,TO&HI:Total Recall.Survival Quiz)",,,,,,,,
Cross†Channel,,,,,,,,
Повесть о Лунной Принцессе (Tsukihime),,,,,,,,
Обитель порока 2 (Kango Shicyauzo 2),,,,,,,,
Хочу быть твоей рабыней (I'm gonna serve you 4),,,,,,,,
Сладкое очарование (Sugar’s Delight),,,,,,,,
Райди - Повелительница молний (Lightning Warrior Raidy),,,,,,,,
Идолы изобилия (Idols Galore),,,,,,,,
Месть Люси (Lucy's Revenge),,,,,,,,
Подснежник (Snow Drop),,,,,,,,
D.Nd: Poisoned,,,,,,,,
Искушение страстью (Come See Me Tonight),,,,,,,,
Сегодня ночью я твоя (Come See Me Tonight 2),,,,,,,,
Тайны Садового Товарищества,,,,,,,,
ef - the first tale,,,,,,,,
Сознательное Искажение:Синестезия (Deliberate Distortion:Synesthesia),,,,,,,,
Проект воспитания Аянами Рэй (Ayanami Raising Project),,,,,,,,
"С песней по жизни (Mirai no Kimi to, Subete no Uta ni)",,,,,,,,
"Валюсия, Сияющая белизной ~Как Прекрасны Надежды~ (Hikari no Valusia ~What a Beautiful Hopes~)",,,,,,,,
Истинная Любовь: История чистой любви (True Love ~Jun'ai Monogatari~),,,,,,,,
Sweet Pool,,,,,,,,
"Страна Колес, Девочка-Подсолнух (Sharin no Kuni, Himawari no Shoujo)",,,,,,,,
Проект Воспитания Икари Синдзи (Ikari Shinji Ikusei Keikaku/碇シンジ育成計画),,,,,,,,
Starry☆Sky~in Spring,,,,,,,,
Фея-искусительница (Tottemo Pheromone),,,,,,,,
Целуя Эти Лепестки — Связь С Любимой Моей (Sono Hanabira ni Kuchizuke o: Anata to Koibito Tsunagi),,,,,,,,
Целуя Эти Лепестки — Мой Принц (Sono Hanabira ni Kuchizuke o: Watashi no Ouji-sama),,,,,,,,
Вальс Принцесс (Princess Waltz),,,,,,,,
Моя любимая Ламия (Mamono Musume to no Seikatsu ~Lamia no Baai~),,,,,,,,
Я живу с собачкой (Wanko to Kurasou),,,,,,,,
Тульпа:игры воображения (Tulpa:Imagination Games),,,,,,,,
Корона грешника: Утраченное рождество (Guilty Crown Lost Christmas),,,,,,,,
Зимняя сказка (Aru Fuyu no Monogatari),,,,,,,,
Хомуха № 1.5: День Сукидзуки Дайсако (Homuha no X 1.5: Sukisuki Date Daisakusen),,,,,,,,
Sepia Tears,,,,,,,,
Розовая Нить (The Pink Strand),,,,,,,,
Вопрос (The Question),,,,,,,,
Полевые испытания (Gadget Trial),,,,,,,,
Clannad,,,,,,,,
Под солнцем (Hinatabokko),,,,,,,,
Школьные Дни HQ (School Days HQ),,,,,,,,
"В ночь, когда цветёт ликорис - Ночь первая (Higanbana no Saku Yoru ni - Dai Ichi Ya)",,,,,,,,
"В ночь, когда цветёт ликорис - Ночь вторая (Higanbana no Saku Yoru ni - Dai Ni Ya)",,,,,,,,
Невидимый знак -Ису- (Invisible Sign -Isu-),,,,,,,,
Истина памяти (True Remembrance),,,,,,,,
Стальная подружка (Girlfriend of steel),,,,,,,,
Стальная подружка 2 (Girlfriend of steel 2),,,,,,,,
Все оттенки синевы (Ai Yori Aoshi),,,,,,,,
Enmark-Olofsson syndrome,,,,,,,,
Один день из жизни переводчика манги (One Manga Day),,,,,,,,
Красная ведьма (Akai Majo),,,,,,,,
Ичиго-чан и Кююго-кун (Ichigo-chan to Kyuugo-kun),,,,,,,,
~Роза Роза~ (RoseRose ~BaraBara~),,,,,,,,
Третий ингредиент (The Third Ingredient),,,,,,,,
Нож предателя (The Knife of the Traitor),,,,,,,,
Любовь Аньё (Anyo's Love),,,,,,,,
Две души (Twin faces),,,,,,,,
Тааррадхин (Taarradhin),,,,,,,,
Хейлин (Heileen),,,,,,,,
Двадцать желаний (Twenty Wishes),,,,,,,,
Прогулки под луной (Moonlight Walks),,,,,,,,
Прелести порока (Crescendo),,,,,,,,
Судьба: Начало (Fate/Zero),,,,,,,,
День цветения Эквестрии,,,,,,,,
Beyond Artificial,,,,,,,,
Лекарство (от) грез (Yume Miru Kusuri: A Drug That Makes You Dream),,,,,,,,
Улыбка Чёрной Кошки,,,,,,,,
Судьба/Ночь Схватки (Fate/Stay Night),,,,,,,,
Katawa Shoujo,,,,,,,,
Heart de Roommate (Соседка по комнате),,,,,,,,
Когда плачут цикады. Главы загадок (Higurashi no Naku Koro ni),,,,,,,,
Когда плачут чайки (Umineko no Naku Koro ni),,,,,,,,
Juniper's Knot,,,,,,,,
Девушка-Одуванчик (The Dandelion Girl),,,,,,,,
Феномен (Phenomeno),,,,,,,,
Ever 17 : Побег из Бесконечности (Ever 17 : Out of the Infinity),,,,,,,,
00 mem.: ~Le Chat~,,,,,,,,
Jisei - последние мгновения (Jisei),,,,,,,,
BlueRed (ブルーレッド),,,,,,,,
От Всего Сердца (From the Bottom of the Heart/願えばきっと/Negaeba Kitto),,,,,,,,
Сезон Сакуры (Season of the Sakura/さくらの季節/Sakura no Kisetsu),,,,,,,,
Бегущий Город (Runaway City/迷走都市/Meisou Toshi),,,,,,,,
История трёх сестёр (Three Sisters' Story/三姉妹/San Shimai),,,,,,,,
"Проект ""Милый, Белый и Пушистый"" (The Cute,Light and Fluffy Project)",,,,,,,,
Летний Резонанс (A Midsummer Day's Resonance),,,,,,,,
Герб Священного Пламени (Jouka no Monshou),,,,,,,,
Счастливый клевер (Four-leaf),,,,,,,,
Magical Boutique (Лавка чудес),,,,,,,,
Песни Арайи (Songs of Araiah),,,,,,,,
Баллада о Ночных Бабочках (Yachoukitan),,,,,,,,
Нахтигаль (Nachtigal),,,,,,,,
Planetarian ~ Маленький звёздный мечтатель ~ (Planetarian ~Chiisana Hoshi no Yume~),,,,,,,,
Красные Сумерки (Tokoyo no Hoshizora),,,,,,,,
Нарциссы (Narcissu),,,,,,,,
Королевская Западня (The Royal Trap),,,,,,,,
Кансей (Kansei),,,,,,,,
Кикокугаи-Кибер Убийца (Kikokugai-The Cyber Slayer),,,,,,,,
Всегда помни меня (Always Remember Me),,,,,,,,
Волшебная сказка (Faery Tale),,,,,,,,
Круги на воде (Ripples),,,,,,,,
Ночь незабудок (勿忘草の夜/Wasurenagusa no Yoru),,,,,,,,
Я хочу забрать Рену домой (Take Rena Home),,,,,,,,
Пирам и Фисба (Pyramus and Thisbe),,,,,,,,
Звездное небо (Starlit sky),,,,,,,,
>Начать >Сражаться >Бежать (>Start >Fight >Run),,,,,,,,
История одного свидания (Finding a Prom Date),,,,,,,,
Кана: младшая сестра (Kana: Little Sister/加奈～いもうと～),,,,,,,,
Противоречивая жизнь пацифиста (The Life Of A Pacifist Is Often Fraught With Conflict),,,,,,,,
Моё магическое косплей-кафе (My magical cosplay cafe),,,,,,,,
[текст]-Летняя история ([text]-A Summer Story),,,,,,,,
Больше никогда (Nevermore),,,,,,,,
Похищенное кольцо с бриллиантом (The stolen diamond ring),,,,,,,,
Цветочный кролик (Flower Rabbit/花兎),,,,,,,,
Соединяя сердца (Spirited Heart),,,,,,,,
RE:Алистер++ (Re:Alistair ++),,,,,,,,
Книга мертвых,,,,,,,,
Красный космос,,,,,,,,
Евгений Онегин,,,,,,,,
Ведьмино заклинание (Witch Spell),,,,,,,,
Подснежник (Yukibana -Kira-),,,,,,,,
Токийская Алиса (Tokyo Alice),,,,,,,,
Uvao Forever,,,,,,,,
Цветочный магазинчик: Зима в Фэрбруке (The Flower Shop: Winter In Fairbrook),,,,,,,,
Зимняя сказка (Winter Tale),,,,,,,,
Йо-Дзин-Бо ~Самураи~ (Yo-Jin-Bo ~Unmei no Freude~),,,,,,,,
Второе Возрождение (The Second Reproduction),,,,,,,,
Антарес (P)lanets),,,,,,,,
Путаница! (Shuffle!),,,,,,,,
Вспомни (Memo),,,,,,,,
Позволь тебя спасти. Твой верный партнёр. (Let me save you. Your faithful companion),,,,,,,,
Последнее очищение (Last Purify),,,,,,,,
Спираль свиданий (Date Warp),,,,,,,,
Шанс на любовь (Heartful Chance!),,,,,,,,
Говно-вопрос (The Fucking Question),,,,,,,,
Песнь Сайи (Saya no Uta),,,,,,,,
Лабуда (релиз полной версии),,,,,,,,
Бесконечное лето (Everlasting Summer),,,,,,,,
